Location,Size_Marla,Bedrooms,Bathrooms,Floors,Year_Built,Parking,Condition,Price_PKR
Malir,7,4,2,1,2013,Yes,Poor,8039140
North Nazimabad,5,4,2,2,2017,No,Average,14943423
Johar,7,2,3,2,2005,Yes,Good,24434503
Surjani,10,4,4,2,2005,No,Poor,10404766
PECHS,12,4,4,1,1995,Yes,Excellent,55234375
Korangi,5,4,2,1,1991,Yes,Excellent,10903217
Johar,10,3,4,1,2002,Yes,Average,23814153
Nazimabad,7,4,1,3,1998,Yes,Excellent,19802477
Malir,15,4,1,2,2023,No,Excellent,29174303
FB Area,12,4,3,1,2006,Yes,Good,27485746
Gulshan,10,4,1,1,2016,Yes,Good,35199157
Malir,7,4,2,3,2018,Yes,Average,12175751
PECHS,20,3,3,1,2011,Yes,Average,60499907
PECHS,5,2,2,2,2013,Yes,Good,20192064
Korangi,5,3,2,1,1996,Yes,Good,9534318
Nazimabad,7,3,2,3,2023,No,Poor,12551984
North Nazimabad,5,4,3,3,2001,Yes,Average,13540997
Korangi,20,4,3,2,2012,Yes,Good,34769855
Korangi,12,3,4,1,2004,No,Poor,15120141
Gulshan,7,6,4,1,2022,Yes,Average,24657400
Saddar,10,2,3,2,2002,No,Excellent,22510180
Nazimabad,20,5,4,2,2012,No,Excellent,48189031
Clifton,15,4,2,1,2021,Yes,Excellent,85874684
Korangi,10,3,2,1,1990,Yes,Average,15307740
Bahadurabad,20,2,4,2,1994,Yes,Excellent,74551255
Gulistan-e-Johar,20,4,2,2,2002,Yes,Good,55486625
Saddar,12,3,5,1,1994,No,Excellent,28707886
Clifton,5,6,3,1,2021,Yes,Poor,20762814
Bahadurabad,10,4,4,3,2010,Yes,Good,35613477
Nazimabad,15,6,3,2,2013,Yes,Poor,25636757
DHA,7,3,3,2,2007,Yes,Poor,26316174
Bahadurabad,15,4,2,2,2010,Yes,Excellent,52364750
FB Area,5,4,3,1,1999,No,Good,13936215
Saddar,5,4,3,1,2013,Yes,Excellent,15447800
Johar,7,3,5,1,2010,Yes,Poor,15331996
Bahadurabad,5,4,2,2,2014,Yes,Good,19989045
Landhi,20,4,2,2,2012,No,Excellent,34407375
DHA,15,4,2,1,2011,Yes,Excellent,89977393
PECHS,15,3,3,3,1993,No,Good,53469819
PECHS,10,5,4,1,2023,Yes,Poor,28137011
Surjani,7,2,2,3,1995,No,Average,8472674
FB Area,10,5,3,3,2017,Yes,Average,23024902
Bahadurabad,10,5,2,1,2020,Yes,Good,34940745
Bahadurabad,10,5,3,1,2012,Yes,Excellent,36070487
Surjani,7,4,4,2,1995,Yes,Poor,7501292
Gulistan-e-Johar,10,4,2,2,2005,Yes,Excellent,33094390
Gulistan-e-Johar,10,6,3,2,1991,Yes,Poor,20522084
Surjani,20,3,5,3,2013,Yes,Good,27819811
Gulistan-e-Johar,15,4,4,2,2006,Yes,Excellent,52702887
Gulshan,10,4,3,1,1990,No,Average,29051023
Bahadurabad,10,4,3,1,1995,Yes,Poor,23610655
Malir,12,3,2,2,1994,No,Poor,11852243
North Nazimabad,5,4,3,1,2018,Yes,Excellent,19584165
Landhi,15,5,4,2,2001,Yes,Excellent,25361942
Gulshan,15,2,3,1,1992,Yes,Good,49777124
Nazimabad,10,6,2,1,1990,Yes,Average,19612675
Gulshan,7,2,2,1,2016,No,Average,21811194
Malir,7,3,2,2,2013,Yes,Excellent,13702123
Nazimabad,10,2,2,1,2008,No,Poor,13393872
Landhi,5,2,1,2,1997,No,Average,6349015
Malir,15,6,3,2,1991,Yes,Average,20747415
Clifton,5,3,2,2,2019,No,Good,27658990
North Nazimabad,7,4,2,2,2019,Yes,Good,23302344
Landhi,20,3,3,1,2021,No,Poor,19349083
Bahadurabad,12,4,2,2,1990,No,Good,37414592
Gulistan-e-Johar,7,4,1,1,2002,Yes,Average,15023393
Clifton,7,3,2,2,2000,No,Poor,24970156
FB Area,5,3,2,1,1999,Yes,Average,11752001
Landhi,12,5,3,2,2015,Yes,Good,19068734
FB Area,5,3,2,3,2009,Yes,Excellent,17562333
Nazimabad,10,4,4,2,2006,Yes,Excellent,28651168
Clifton,20,3,5,2,2006,Yes,Good,95113385
North Nazimabad,5,5,3,2,1993,No,Excellent,18914085
Bahadurabad,15,3,3,1,1994,Yes,Good,51063607
Surjani,20,4,4,3,2012,Yes,Good,27262382
Bahadurabad,5,3,3,1,1999,Yes,Good,16464891
Malir,15,6,1,3,2017,Yes,Good,25265583
Bahadurabad,10,3,2,2,2022,No,Excellent,34342490
Johar,20,5,4,2,2015,No,Excellent,71156282
Korangi,10,4,2,2,2018,No,Average,16428289
Surjani,12,3,1,2,2016,Yes,Good,18099156
Gulshan,10,5,3,2,2007,Yes,Good,36294505
Gulistan-e-Johar,15,3,4,1,1999,No,Average,34477585
DHA,12,5,2,2,1994,No,Average,51406580
North Nazimabad,10,6,3,2,1999,Yes,Good,29219815
Clifton,15,5,2,3,2010,Yes,Average,60694385
Korangi,7,2,3,2,2013,No,Poor,9323303
North Nazimabad,5,5,2,1,1992,No,Average,12387961
Clifton,5,4,2,1,2020,Yes,Good,28114392
Gulistan-e-Johar,7,5,4,2,1991,No,Average,17416964
Saddar,7,4,3,1,1991,Yes,Excellent,17495104
Saddar,20,5,3,1,2023,Yes,Good,39972405
FB Area,5,4,3,2,2009,Yes,Poor,10498062
North Nazimabad,12,4,2,2,2022,Yes,Good,34739027
Saddar,5,3,3,2,1993,Yes,Poor,8381949
Johar,15,5,2,1,2000,Yes,Good,46920253
Surjani,20,4,2,2,1994,Yes,Poor,17533593
Clifton,10,4,2,1,2014,No,Good,50009542
FB Area,15,5,3,2,2023,No,Excellent,43247956
Bahadurabad,5,4,5,1,1998,Yes,Good,17838936
Clifton,15,3,5,3,1995,Yes,Good,75074240
FB Area,7,4,3,2,2007,No,Excellent,24132380
Gulistan-e-Johar,20,4,2,2,2003,Yes,Average,43521478
North Nazimabad,5,4,3,2,2008,No,Good,15974288
Gulistan-e-Johar,10,2,4,2,2003,No,Average,23130506
Surjani,12,3,2,1,2006,Yes,Good,15505970
Surjani,7,3,5,2,2018,No,Excellent,13571445
Korangi,5,4,2,1,2006,No,Poor,7097734
Gulistan-e-Johar,5,2,5,3,1997,Yes,Good,15134830
Malir,7,4,4,2,1990,Yes,Average,11354813
Bahadurabad,10,6,4,1,1996,Yes,Average,29901771
Landhi,5,3,2,2,1994,Yes,Good,8159351
Gulistan-e-Johar,7,4,1,1,2013,Yes,Poor,12752966
Korangi,5,5,2,1,2017,Yes,Average,9337880
Nazimabad,15,6,2,3,2006,Yes,Good,35168054
Johar,5,4,1,2,2009,No,Average,16458210
Clifton,7,4,3,2,1992,Yes,Excellent,43705779
Surjani,5,5,3,1,2015,Yes,Good,8868800
Nazimabad,10,4,3,1,2004,Yes,Poor,15680000
Korangi,15,5,3,3,1997,Yes,Average,23270421
FB Area,7,2,2,1,2002,Yes,Average,14805443
Landhi,5,6,5,1,1992,Yes,Average,8100056
Bahadurabad,12,4,2,2,1990,Yes,Average,32926254
Bahadurabad,12,4,3,2,1998,No,Poor,26455399
Bahadurabad,5,3,3,2,2020,No,Good,17762467
Johar,12,4,4,1,2015,Yes,Excellent,43859492
Landhi,20,2,1,1,2006,Yes,Good,26694432
Johar,5,5,3,1,2023,Yes,Average,16519130
Surjani,12,5,3,3,1998,No,Good,18208332
Johar,12,3,2,1,2002,Yes,Excellent,40258305
DHA,10,5,3,2,1994,No,Good,55411421
Landhi,5,5,5,2,2002,Yes,Poor,7818986
Malir,5,4,5,2,1990,Yes,Average,8899202
Landhi,15,3,1,3,2014,Yes,Good,21521021
Korangi,20,3,2,1,1993,No,Excellent,35156819
DHA,12,3,2,1,1999,No,Good,61877756
Bahadurabad,10,3,2,2,2017,Yes,Excellent,43676411
Korangi,10,6,2,1,1995,Yes,Excellent,21537081
Korangi,10,2,2,2,2016,Yes,Poor,12418534
Surjani,7,5,5,2,2001,Yes,Poor,8486460
PECHS,5,3,5,3,1992,No,Excellent,23892709
Gulshan,15,4,1,1,2022,No,Excellent,65034913
DHA,7,5,2,3,1999,No,Good,38466459
Korangi,15,5,3,1,2020,No,Good,27701603
Gulshan,7,3,2,2,2004,Yes,Good,25118812
Gulshan,5,4,3,2,1996,No,Good,19349431
DHA,5,4,3,2,2003,No,Good,29576258
PECHS,10,2,4,2,2003,Yes,Average,31582800
Nazimabad,20,3,3,3,1992,No,Average,35542919
FB Area,5,4,3,3,1992,Yes,Average,13991630
Malir,15,4,3,3,2011,No,Good,25338896
FB Area,10,4,2,1,2008,Yes,Poor,18264606
Landhi,15,3,3,3,2001,Yes,Poor,16115336
Bahadurabad,7,4,3,2,1994,Yes,Excellent,28822427
Malir,15,4,2,1,1999,Yes,Good,24384687
Landhi,12,4,2,1,2022,Yes,Good,18239957
Korangi,7,5,2,1,2002,Yes,Excellent,16328058
Bahadurabad,5,4,5,1,2021,Yes,Good,18224478
Clifton,15,5,2,2,2000,Yes,Good,72865149
DHA,20,3,2,3,2013,No,Good,97708743
Malir,5,4,2,2,2008,No,Good,10530661
Malir,12,3,3,2,1995,Yes,Good,16269756
Gulistan-e-Johar,20,4,2,3,1993,No,Poor,36662379
Korangi,15,4,5,1,2022,Yes,Good,23128559
Nazimabad,20,5,4,3,2002,No,Average,36660162
Gulshan,12,3,3,2,2008,Yes,Excellent,47226535
Bahadurabad,10,4,3,2,2001,Yes,Excellent,41622978
Korangi,7,4,1,1,2000,Yes,Good,13155825
Saddar,7,3,2,2,1995,Yes,Excellent,16917148
PECHS,12,3,4,1,2001,No,Excellent,53720841
Gulshan,12,3,1,2,2016,No,Excellent,47652450
DHA,7,3,2,1,2014,Yes,Good,37971189
Gulshan,15,3,3,3,1992,Yes,Average,41302430
Nazimabad,12,3,2,1,1992,No,Good,24047633
Surjani,10,3,5,1,2009,No,Average,11449814
Gulistan-e-Johar,10,4,2,2,2017,Yes,Excellent,33830909
Gulshan,10,4,4,1,2012,Yes,Average,30633834
DHA,5,6,3,2,1992,Yes,Good,31669816
Nazimabad,7,4,4,3,2013,Yes,Average,16937433
FB Area,5,5,2,2,1995,Yes,Poor,8927219
Malir,5,5,3,1,2009,Yes,Poor,7411061
Surjani,10,4,4,2,2000,No,Excellent,15572711
Gulistan-e-Johar,10,4,3,2,2021,Yes,Average,24147045
Malir,5,5,2,2,2016,No,Excellent,11915643
PECHS,12,3,3,1,2010,No,Poor,30116851
Landhi,7,3,3,2,2002,No,Good,10523041
Surjani,20,4,3,2,2011,Yes,Good,26618088
Surjani,20,4,5,1,2011,No,Excellent,27416743
FB Area,5,2,2,1,2017,Yes,Excellent,15860389
FB Area,10,6,3,2,2010,Yes,Average,25800446
Bahadurabad,5,4,4,2,2007,Yes,Poor,12710039
Johar,10,4,3,3,2020,Yes,Average,28153719
Gulshan,10,6,4,2,2010,No,Average,27556139
Surjani,7,4,5,1,2003,No,Average,9167452
Malir,10,6,3,1,2014,Yes,Good,18268805
DHA,7,4,2,3,2016,Yes,Excellent,47776614
North Nazimabad,5,3,1,3,2012,Yes,Excellent,19163844
Johar,12,5,3,3,2020,Yes,Good,41465188
North Nazimabad,7,4,4,2,2018,No,Good,24800660
Gulistan-e-Johar,10,5,2,1,2019,Yes,Excellent,36392537
Nazimabad,10,6,2,2,2015,No,Excellent,27718887
Malir,20,5,1,2,2009,Yes,Excellent,32156830
Malir,5,4,4,1,2008,Yes,Poor,6995004
Johar,10,5,2,2,2016,Yes,Excellent,35933991
Surjani,12,4,3,1,2014,Yes,Good,17281389
PECHS,7,4,3,1,2012,Yes,Good,26440423
Johar,20,5,4,2,2018,No,Good,60777892
North Nazimabad,12,3,3,2,2004,No,Excellent,39540132
Johar,12,4,3,3,1992,Yes,Good,37609685
Malir,12,5,2,1,1999,Yes,Excellent,20542255
PECHS,20,4,3,1,2004,Yes,Good,77499819
Gulshan,20,4,3,1,2005,Yes,Excellent,70071716
Saddar,12,5,5,1,2006,Yes,Good,25573866
Bahadurabad,12,4,2,1,2008,Yes,Average,33165771
Clifton,5,5,1,2,2000,No,Good,27221636
FB Area,5,3,1,2,1994,No,Good,13016420
Johar,10,3,2,2,1994,No,Good,31121764
Gulistan-e-Johar,5,3,4,3,2003,Yes,Average,14466843
Landhi,10,4,1,2,2015,No,Good,15165675
Nazimabad,7,4,3,1,1997,Yes,Average,14030615
Saddar,7,5,2,1,1994,Yes,Average,12772164
Bahadurabad,12,4,1,3,1996,No,Good,40847523
Bahadurabad,20,4,3,2,2005,Yes,Good,61979493
Bahadurabad,5,2,2,2,2003,Yes,Good,18397276
Bahadurabad,10,4,2,3,1993,No,Excellent,38504042
North Nazimabad,15,4,3,3,2006,No,Excellent,46929167
Gulistan-e-Johar,5,2,3,3,1995,No,Excellent,18198322
Gulistan-e-Johar,15,3,2,2,2005,Yes,Excellent,45157985
PECHS,7,3,5,1,2018,Yes,Good,29409412
FB Area,7,2,3,3,1999,No,Average,15849304
Malir,20,4,4,2,2018,Yes,Good,30075697
Bahadurabad,7,3,1,1,2003,Yes,Poor,16561476
Landhi,12,4,1,2,1993,Yes,Poor,12405004
Malir,15,5,1,2,2002,Yes,Poor,17253957
Gulistan-e-Johar,5,4,2,3,2007,Yes,Average,15281700
DHA,12,6,3,2,2022,Yes,Good,67518748
DHA,20,4,5,1,2010,Yes,Excellent,112965522
Landhi,5,4,3,3,2005,Yes,Good,12178358
PECHS,15,6,2,2,2004,Yes,Good,53185658
Gulistan-e-Johar,10,3,3,2,1994,Yes,Average,24929623
Landhi,10,6,2,1,1995,No,Poor,10690669
North Nazimabad,10,2,3,1,1992,Yes,Good,25038391
Johar,7,4,3,2,2001,Yes,Good,23304257
Landhi,20,2,4,1,2022,No,Excellent,30813189
Gulshan,20,4,5,1,2022,Yes,Excellent,84162378
Malir,10,4,2,2,2020,Yes,Good,16875853
Saddar,12,4,3,2,2010,Yes,Good,25560781
Korangi,10,3,5,2,2016,No,Average,14413767
PECHS,10,3,4,1,2016,No,Good,41404723
Landhi,12,2,3,2,1997,No,Poor,10964931
Gulistan-e-Johar,10,3,5,2,2021,No,Average,25441670
Nazimabad,10,6,1,1,2015,Yes,Average,20423418
DHA,12,3,5,1,1991,Yes,Excellent,71694464
Gulshan,10,5,1,2,2001,Yes,Average,31617984
FB Area,5,5,3,3,2011,Yes,Average,15335127
Bahadurabad,5,3,4,2,2006,No,Excellent,21426080
Korangi,10,4,2,1,1996,Yes,Excellent,20784172
Surjani,12,2,3,1,1993,Yes,Poor,10565941
PECHS,10,3,2,3,2021,No,Excellent,47554792
Saddar,12,2,5,1,2000,Yes,Good,23639871
Korangi,10,4,4,2,1990,Yes,Good,19600113
Landhi,10,4,3,2,2014,Yes,Average,14803738
North Nazimabad,7,4,3,1,2013,Yes,Average,18950565
DHA,10,4,4,2,2006,Yes,Good,52604398
Gulistan-e-Johar,12,3,2,2,1997,Yes,Good,32573505
DHA,15,4,3,2,2016,Yes,Poor,56387155
FB Area,10,5,3,1,2007,No,Average,20070589
North Nazimabad,5,2,2,1,2016,No,Average,13307870
Bahadurabad,5,3,1,2,2011,Yes,Good,18238798
Gulistan-e-Johar,5,4,1,2,2005,Yes,Good,16176432
Malir,12,3,2,1,1991,No,Good,16363874
Clifton,7,4,4,1,1994,No,Average,28649238
Gulshan,10,3,3,1,2007,Yes,Excellent,38867100
DHA,10,3,3,3,1992,Yes,Good,54288563
Nazimabad,5,3,2,2,2016,No,Excellent,15810005
DHA,10,3,2,3,2006,Yes,Good,54537646
Korangi,7,4,2,1,2005,Yes,Average,11630696
DHA,10,4,4,3,1995,Yes,Excellent,61788437
PECHS,7,5,3,1,1996,Yes,Average,24216318
DHA,15,5,5,2,2003,Yes,Poor,60189527
Clifton,5,4,3,2,2004,Yes,Good,28986705
Clifton,20,5,3,1,2022,No,Average,88528994
Bahadurabad,10,3,3,2,2016,Yes,Poor,24220909
Saddar,15,4,5,1,2018,Yes,Poor,20392772
Malir,10,4,4,1,1994,Yes,Good,15164267
Nazimabad,12,3,1,2,2018,No,Excellent,31873810
DHA,12,4,3,2,2021,Yes,Excellent,74536710
DHA,10,3,3,2,1995,Yes,Average,46084181
Gulshan,10,4,3,2,1991,Yes,Average,32566117
Gulistan-e-Johar,10,5,2,2,1995,No,Average,24884197
Clifton,10,5,4,1,1993,Yes,Good,54688485
Nazimabad,5,4,5,1,2018,Yes,Excellent,16753941
Bahadurabad,7,4,2,3,2014,Yes,Good,24950620
FB Area,10,4,4,1,1998,No,Good,24628535
Saddar,10,4,1,2,1992,Yes,Average,16968599
Malir,12,3,1,1,2015,No,Good,19132987
North Nazimabad,12,4,2,2,2016,No,Good,35135761
Malir,20,4,1,2,2021,No,Good,30524262
PECHS,7,6,4,1,1990,Yes,Good,30048860
Korangi,7,4,1,1,2005,No,Good,11372314
PECHS,7,4,2,2,2000,Yes,Excellent,33146902
DHA,10,4,2,1,2015,Yes,Good,49947299
Surjani,15,4,2,1,1990,No,Excellent,20922407
Saddar,7,4,1,2,2015,Yes,Excellent,18735871
Korangi,12,3,3,1,2017,Yes,Average,18747943
Nazimabad,10,4,2,3,1998,Yes,Good,24476107
North Nazimabad,10,5,4,2,2011,Yes,Average,27351100
Clifton,10,4,4,1,1997,Yes,Average,42169051
Saddar,7,3,1,2,2016,No,Good,16153109
Saddar,10,4,4,2,2008,No,Poor,15524912
PECHS,10,5,1,1,2014,Yes,Excellent,40760473
Surjani,5,2,2,2,2010,Yes,Average,6893150
DHA,10,5,1,1,2013,No,Poor,36856714
Landhi,5,5,2,1,2013,Yes,Average,8838133
Bahadurabad,10,4,3,1,2008,Yes,Excellent,39300580
PECHS,10,6,4,1,1991,Yes,Good,36582130
Saddar,10,5,2,1,2003,Yes,Excellent,24380244
Johar,12,5,3,2,2021,Yes,Average,36447726
Gulshan,5,4,2,2,2021,Yes,Average,17564640
North Nazimabad,12,3,4,2,2017,Yes,Good,33886182
Bahadurabad,7,3,2,2,2002,Yes,Good,24692546
PECHS,7,4,2,2,2001,Yes,Average,24752560
North Nazimabad,15,3,2,2,1997,No,Good,38941085
Gulshan,5,4,2,2,2004,No,Average,16730101
FB Area,10,5,3,1,2015,Yes,Average,21945583
Gulshan,10,5,4,3,2001,Yes,Excellent,44616482
Surjani,7,4,1,1,2016,No,Average,8915004
Gulshan,7,5,3,1,2007,Yes,Good,26882583
North Nazimabad,7,5,3,2,2016,No,Good,21261102
Malir,15,4,4,1,1998,Yes,Poor,15237488
North Nazimabad,10,3,2,1,1990,No,Average,23322811
Landhi,7,4,3,2,1996,Yes,Good,11952362
DHA,10,4,5,2,2015,Yes,Good,55935983
Korangi,12,4,3,2,1996,No,Good,20776753
Malir,5,4,2,2,1996,Yes,Good,10240376
Clifton,10,2,2,1,1997,Yes,Excellent,55250773
Korangi,10,4,2,1,2005,Yes,Good,17828298
DHA,20,5,3,2,1992,No,Excellent,123583120
PECHS,7,4,3,1,1999,Yes,Good,29059898
Bahadurabad,7,6,2,2,1996,Yes,Good,24637444
Landhi,7,5,3,1,2010,Yes,Poor,9530503
Landhi,10,6,3,2,2020,Yes,Average,15366967
Clifton,7,6,3,2,2012,Yes,Good,36966290
Malir,10,5,3,2,2016,Yes,Excellent,21199091
Surjani,12,4,4,2,2011,Yes,Good,17508173
Gulistan-e-Johar,12,2,2,2,2016,Yes,Good,34022724
FB Area,10,4,4,1,1993,Yes,Good,24896537
Gulshan,15,4,2,1,2013,Yes,Average,43809593
Malir,10,3,2,1,2012,Yes,Average,12817865
Bahadurabad,10,3,2,2,2008,Yes,Average,29795392
FB Area,5,6,2,1,1992,No,Good,13002272
Landhi,20,5,2,2,2016,Yes,Poor,19042365
North Nazimabad,5,5,2,1,1992,No,Poor,10550293
Bahadurabad,7,4,4,2,2017,Yes,Good,28029690
DHA,5,2,2,3,2006,Yes,Good,28095792
Clifton,10,2,3,1,2020,Yes,Good,52787479
DHA,7,3,1,1,1999,Yes,Excellent,44651774
Gulistan-e-Johar,5,2,5,1,2011,No,Average,13402055
Bahadurabad,5,2,3,2,2019,No,Good,17966022
Nazimabad,5,6,1,2,2010,No,Excellent,15439160
Nazimabad,10,4,4,1,2012,Yes,Excellent,24451278
PECHS,12,3,3,2,2001,Yes,Good,44754009
Malir,7,3,4,1,2014,Yes,Average,11340866
Landhi,10,4,3,2,2009,No,Good,14864719
Landhi,12,2,3,2,1996,Yes,Average,14955902
Gulshan,5,6,4,2,2018,Yes,Good,20954832
Gulshan,7,4,3,1,2018,Yes,Good,26439485
Gulshan,20,4,1,3,2002,Yes,Good,70510030
North Nazimabad,10,3,4,2,1992,No,Average,22768609
Korangi,7,2,2,1,1991,Yes,Excellent,13627684
Saddar,10,4,3,1,2005,Yes,Good,20808965
Korangi,7,4,1,2,2019,Yes,Good,15166521
DHA,10,4,3,2,1995,No,Good,53674179
Korangi,5,3,5,2,1996,Yes,Poor,7862151
North Nazimabad,5,4,2,2,1994,No,Excellent,18841998
PECHS,5,4,2,3,1996,Yes,Good,22315291
DHA,20,5,3,1,2023,No,Good,100554993
Korangi,12,3,4,1,2021,No,Average,18069589
North Nazimabad,5,3,3,3,2002,Yes,Good,16636625
Saddar,5,4,2,2,2019,Yes,Average,11478413
Korangi,12,4,5,2,2014,Yes,Average,22113437
North Nazimabad,5,4,3,2,2010,Yes,Good,17111516
Gulistan-e-Johar,7,4,2,3,2010,No,Good,19580866
Gulshan,20,4,1,2,2017,Yes,Good,66203126
Gulistan-e-Johar,7,5,3,2,2009,Yes,Average,17085201
Landhi,12,4,2,2,2023,Yes,Excellent,21546247
Gulshan,20,6,2,1,1994,Yes,Good,60702765
Landhi,7,4,4,2,2007,No,Average,10040024
Johar,5,6,1,1,2000,Yes,Good,16076972
Clifton,7,5,3,3,2006,No,Good,39239508
Gulistan-e-Johar,15,3,2,2,2011,No,Good,40551094
Clifton,15,5,4,2,2009,Yes,Excellent,89949737
Clifton,12,3,3,2,1995,Yes,Good,60332948
Saddar,5,6,1,1,2023,No,Good,12140221
Gulshan,12,4,3,1,2003,Yes,Poor,29831788
Johar,20,2,2,3,2012,Yes,Good,65657063
Landhi,10,4,4,3,2009,Yes,Average,15049243
North Nazimabad,20,6,4,1,2002,Yes,Average,45255262
DHA,15,2,3,3,2021,No,Excellent,84523188
North Nazimabad,12,4,3,2,2015,Yes,Average,28034117
DHA,10,4,2,2,2003,Yes,Excellent,63095071
Gulistan-e-Johar,7,5,3,1,1997,No,Poor,15009328
Nazimabad,5,4,2,3,2011,No,Average,12356596
North Nazimabad,10,3,2,2,2011,Yes,Good,29691839
Korangi,7,2,3,3,2005,No,Good,14340067
Korangi,15,4,1,2,2016,Yes,Good,27171158
Malir,20,4,3,2,1999,No,Good,28286982
Gulshan,12,6,1,2,2014,Yes,Good,43676544
DHA,5,2,3,1,2020,Yes,Good,26812271
DHA,7,4,2,1,2010,No,Average,32072926
Bahadurabad,5,2,2,1,2016,Yes,Excellent,20457931
PECHS,12,3,3,1,2006,No,Average,40815730
Gulshan,12,4,5,2,2022,Yes,Average,34871368
Saddar,20,4,4,2,2020,No,Good,41577460
Malir,10,4,2,3,2015,No,Average,16022317
Saddar,20,6,2,1,2010,Yes,Good,41725284
Gulistan-e-Johar,15,4,4,2,1990,No,Excellent,48634511
Gulistan-e-Johar,7,6,3,1,1993,Yes,Average,18505764
Saddar,15,5,2,1,1993,No,Good,31255306
Saddar,7,4,4,1,2015,Yes,Good,15744674
Johar,7,5,4,2,1993,No,Average,18472141
Gulshan,10,4,5,1,1998,Yes,Poor,24842130
Saddar,7,2,5,2,2019,Yes,Average,12850653
Korangi,10,4,4,1,1993,Yes,Average,16196329
PECHS,10,2,1,3,1994,Yes,Excellent,46001205
PECHS,10,4,2,2,2012,No,Excellent,43428178
Clifton,7,4,3,3,2005,Yes,Average,32076614
Nazimabad,10,2,3,3,2011,Yes,Good,24062640
Gulistan-e-Johar,10,3,3,3,1997,Yes,Good,29025300
DHA,10,6,2,3,2022,Yes,Good,56758630
Bahadurabad,10,4,3,2,2005,Yes,Average,29750332
Surjani,5,3,3,1,1994,No,Excellent,8208533
DHA,10,4,1,1,2005,No,Average,46417970
Nazimabad,5,4,2,1,1996,Yes,Excellent,14695525
Bahadurabad,10,4,3,2,1990,Yes,Excellent,37132817
Johar,12,6,3,2,1998,Yes,Good,40856741
Gulshan,10,4,2,3,2007,Yes,Good,34160994
North Nazimabad,10,3,3,3,1992,Yes,Average,24282581
Gulshan,20,5,3,2,2013,No,Excellent,82523166
DHA,15,5,3,2,2017,Yes,Excellent,88840127
DHA,20,3,1,3,1999,No,Good,104543438
Bahadurabad,15,3,3,1,1998,Yes,Good,48687715
Bahadurabad,5,3,2,2,2002,Yes,Excellent,19919410
Gulistan-e-Johar,5,4,5,1,2012,Yes,Excellent,19135403
Johar,10,4,2,2,2006,Yes,Poor,22085811
Gulistan-e-Johar,7,4,3,1,1996,Yes,Average,16778988
Nazimabad,10,6,1,3,2005,No,Good,27598323
Saddar,7,5,3,2,2009,Yes,Good,16688005
Gulshan,10,3,3,1,2013,No,Good,36391042
Bahadurabad,12,3,2,1,1994,Yes,Good,37155642
Landhi,12,4,3,2,1995,Yes,Average,14428532
Nazimabad,10,3,2,3,2017,Yes,Average,21060211
Korangi,15,4,2,2,1994,Yes,Excellent,30514198
Johar,10,5,3,2,1991,Yes,Average,28318525
DHA,15,3,2,1,2010,Yes,Excellent,96334810
Gulistan-e-Johar,5,4,4,2,2007,Yes,Good,19446096
Nazimabad,20,5,3,2,2001,Yes,Excellent,51641343
Surjani,12,4,3,2,2006,Yes,Excellent,19235389
Gulshan,7,3,1,1,2004,Yes,Poor,17538340
Bahadurabad,5,4,3,2,1996,Yes,Good,18352422
DHA,10,2,4,2,2003,No,Excellent,63471071
North Nazimabad,5,6,2,3,1990,Yes,Poor,11324567
Surjani,5,2,4,3,1992,No,Average,8080561
Johar,10,4,2,2,2020,Yes,Average,28807416
Nazimabad,10,4,4,2,2002,No,Poor,15193119
Malir,12,6,1,1,2007,Yes,Good,18664015
DHA,20,3,4,2,2006,No,Average,91476268
Gulshan,10,3,3,2,2006,Yes,Average,32039809
Clifton,10,2,2,1,2000,No,Average,39159751
Landhi,5,3,2,1,2009,Yes,Average,7614626
FB Area,12,3,3,2,1999,Yes,Good,26763069
Surjani,7,4,5,1,2018,Yes,Average,10323679
Saddar,20,3,2,2,2023,Yes,Good,42382434
FB Area,15,2,2,2,2006,Yes,Good,34812787
Gulshan,10,5,3,1,2002,Yes,Excellent,37855330
Korangi,5,3,3,1,2016,Yes,Poor,7615269
Gulistan-e-Johar,15,3,3,2,2015,No,Good,39808815
Korangi,12,3,3,2,2017,Yes,Good,22847236
Clifton,5,6,2,1,2002,No,Good,26091529
Surjani,7,3,5,3,2001,Yes,Poor,8378323
Saddar,12,5,3,2,2017,Yes,Good,24046909
Malir,5,5,2,2,1991,No,Average,8186476
Clifton,20,2,3,2,2023,No,Average,83852415
Surjani,10,6,3,3,2012,No,Good,15707699
PECHS,5,3,2,2,2018,Yes,Good,21607365
FB Area,15,2,3,1,2000,Yes,Average,31277767
Clifton,7,5,2,3,2022,Yes,Poor,27351977
FB Area,10,4,3,2,2000,Yes,Average,22224045
DHA,5,4,4,1,1998,Yes,Good,28585369
Korangi,5,3,2,2,2003,No,Average,8107982
DHA,10,4,2,2,1998,No,Good,58339669
Landhi,10,5,4,3,1992,Yes,Good,16599778
PECHS,10,3,5,2,2018,Yes,Average,34939821
Saddar,12,3,3,1,2008,No,Excellent,28661517
Malir,10,2,3,2,2021,Yes,Average,14222532
Johar,5,3,3,2,1996,Yes,Good,17618810
FB Area,7,5,5,1,2017,Yes,Average,17510103
Malir,20,4,4,2,2007,Yes,Excellent,32535390
FB Area,12,6,2,2,1994,No,Good,29599930
Gulshan,10,3,3,1,2012,Yes,Average,28921227
Clifton,7,4,3,2,2011,Yes,Excellent,42634915
Landhi,7,3,4,1,2015,Yes,Excellent,12846487
Korangi,12,3,3,1,2001,No,Poor,14825475
Johar,15,3,3,1,2008,No,Good,47956424
Bahadurabad,12,3,5,1,1990,Yes,Poor,28341282
FB Area,15,4,1,2,1992,Yes,Excellent,43785384
Malir,12,6,2,1,2016,Yes,Good,19753642
Landhi,5,4,3,2,2007,Yes,Average,8353035
North Nazimabad,10,3,2,1,2019,Yes,Average,22996018
Johar,5,2,1,3,1991,Yes,Good,17082964
North Nazimabad,7,3,1,2,1994,Yes,Good,20125928
DHA,15,4,3,2,2018,Yes,Average,67483431
Korangi,10,5,4,1,2022,Yes,Good,21188673
Gulistan-e-Johar,10,6,3,2,2009,No,Good,30352350
Gulistan-e-Johar,5,2,3,1,2019,Yes,Excellent,17022458
Bahadurabad,7,4,2,3,1994,Yes,Good,24148864
Gulshan,7,4,4,2,2010,No,Good,27403641
Malir,7,4,4,2,2004,Yes,Good,14097961
Surjani,10,4,3,2,2009,No,Good,15156864
Bahadurabad,7,4,2,1,1997,Yes,Excellent,29651124
Clifton,10,4,1,2,2020,Yes,Excellent,64937474
Clifton,5,3,1,2,2001,No,Average,22804531
Malir,5,5,3,2,2010,Yes,Good,10826202
Surjani,7,3,4,2,2019,No,Average,9333325
Saddar,10,4,4,1,2016,Yes,Average,18421152
Gulshan,12,4,3,1,2015,Yes,Excellent,50298007
Landhi,10,4,4,2,2022,Yes,Average,15955279
FB Area,10,6,5,2,2015,Yes,Excellent,33048190
Surjani,12,5,2,2,2015,Yes,Average,16149089
Gulistan-e-Johar,5,5,2,3,1990,Yes,Poor,11615759
Johar,7,4,5,1,2004,Yes,Good,24128640
Saddar,15,4,2,3,1990,Yes,Average,27257774
FB Area,10,4,5,3,2000,No,Good,24057242
FB Area,7,5,5,3,1991,Yes,Good,20223124
Saddar,20,4,3,2,1990,No,Average,34546056
DHA,12,6,4,1,2020,Yes,Excellent,76125560
North Nazimabad,7,6,3,1,2005,Yes,Good,20448790
FB Area,10,4,3,2,2011,No,Good,22709067
Saddar,10,3,2,1,2007,Yes,Average,17148036
Surjani,10,3,1,1,2006,Yes,Good,13152753
Saddar,7,5,2,2,2019,Yes,Poor,11742050
PECHS,7,3,3,1,1999,Yes,Excellent,31214228
Bahadurabad,10,5,2,3,2010,Yes,Good,36193773
Nazimabad,10,4,1,2,2005,No,Average,20161671
DHA,15,4,2,2,1995,Yes,Good,69032467
Korangi,12,6,3,2,1992,No,Average,17391729
Nazimabad,5,4,5,3,2010,Yes,Excellent,17780002
Bahadurabad,10,4,5,2,2002,Yes,Excellent,40810048
Bahadurabad,7,4,3,2,2007,Yes,Excellent,29629994
Bahadurabad,10,3,4,1,2013,No,Poor,23609184
Nazimabad,12,5,3,3,2016,No,Good,28836376
Malir,7,3,3,2,1993,Yes,Average,10074711
North Nazimabad,10,6,3,2,2011,Yes,Good,29244760
Saddar,5,5,2,1,2013,Yes,Good,13343565
Johar,5,3,5,2,1999,Yes,Good,17028464
North Nazimabad,7,4,2,1,1991,Yes,Poor,14412588
Gulistan-e-Johar,7,4,3,3,1995,No,Average,18336101
Surjani,20,3,3,3,2007,Yes,Average,22431864
Gulshan,10,6,2,1,2006,No,Excellent,39484490
Malir,7,2,2,2,2012,Yes,Good,11373119
Korangi,10,3,3,1,2019,Yes,Good,17852540
North Nazimabad,5,4,1,2,2010,Yes,Poor,11152886
Johar,20,4,3,1,1999,No,Good,51526526
Clifton,10,4,3,2,2002,No,Good,50892797
Bahadurabad,12,5,3,1,2001,Yes,Good,41377917
FB Area,5,4,3,1,1998,Yes,Good,14294216
Gulistan-e-Johar,10,4,3,2,1993,Yes,Excellent,31905769
Gulshan,10,2,3,1,2013,Yes,Average,29521620
DHA,15,3,3,2,2023,Yes,Good,77240636
Korangi,5,3,4,1,1994,No,Average,8135062
Surjani,7,3,3,2,2004,Yes,Average,10253091
Gulshan,20,4,4,3,1993,No,Good,71345317
Bahadurabad,10,3,2,2,1997,Yes,Good,33705405
FB Area,7,3,3,3,2013,Yes,Excellent,22601431
Malir,5,3,5,3,2017,No,Poor,8388163
FB Area,20,6,2,1,2016,Yes,Good,44409323
Nazimabad,5,6,2,1,1990,No,Good,12539756
FB Area,12,4,3,2,2023,Yes,Good,32264968
Nazimabad,12,6,2,3,2006,Yes,Good,30695823
Gulistan-e-Johar,7,5,2,3,2015,No,Good,23305295
Malir,12,4,5,1,2013,No,Good,19635249
Surjani,5,2,3,1,2010,Yes,Average,6733454
Landhi,7,5,2,1,2019,Yes,Average,10954443
Bahadurabad,12,4,5,2,2002,No,Good,38094278
Nazimabad,15,4,5,2,1992,No,Good,32085166
DHA,10,5,3,1,2021,Yes,Average,46510624
FB Area,10,4,2,2,2008,No,Excellent,29462955
FB Area,5,4,4,2,2003,Yes,Average,11779273
DHA,5,6,3,2,2011,Yes,Good,31040685
Surjani,5,3,3,1,2006,Yes,Average,7327580
Clifton,7,4,4,3,1993,Yes,Good,38002578
Gulistan-e-Johar,7,4,3,2,2008,No,Good,23716934
Saddar,7,4,2,2,1991,Yes,Average,12848263
Landhi,7,5,3,2,2004,No,Excellent,14002545
Korangi,7,2,2,1,1991,Yes,Good,11517898
Johar,10,4,4,1,2000,No,Good,30682671
Nazimabad,15,3,3,2,2012,No,Average,27923375
DHA,7,4,1,1,1999,Yes,Good,34722781
Johar,20,4,3,2,1992,Yes,Average,49110239
Malir,15,5,2,2,1994,Yes,Good,23086760
Surjani,5,3,2,2,1992,No,Excellent,9276886
Nazimabad,12,4,3,1,2002,No,Average,25099636
Saddar,10,3,2,1,2008,Yes,Excellent,25271869
Johar,10,5,4,2,2013,No,Good,31480317
Malir,7,6,1,1,2013,Yes,Excellent,14596381
Gulshan,10,6,3,2,2006,Yes,Good,36804445
Bahadurabad,7,5,4,2,1999,No,Average,23192386
FB Area,10,5,3,2,1991,Yes,Good,25636189
Gulshan,10,3,3,2,2012,No,Good,33050312
Nazimabad,12,3,5,1,1995,Yes,Good,26177170
Saddar,10,4,2,1,1991,Yes,Good,21016519
Landhi,12,5,1,3,2010,Yes,Good,20069242
Johar,5,6,3,3,2018,Yes,Poor,14206345
Gulistan-e-Johar,7,3,1,2,1996,No,Average,17141380
Bahadurabad,15,6,5,3,2018,Yes,Excellent,53105144
Nazimabad,7,4,2,2,2012,Yes,Excellent,20923060
Surjani,5,4,4,1,2022,Yes,Poor,7228227
DHA,5,3,4,1,1997,Yes,Good,26498567
Gulistan-e-Johar,7,2,2,3,2001,No,Good,19499026
Gulistan-e-Johar,20,4,3,1,1999,Yes,Average,40807292
Gulistan-e-Johar,10,4,1,2,2004,Yes,Good,30657652
North Nazimabad,20,3,3,2,2013,No,Good,51525388
Nazimabad,10,4,1,2,2015,Yes,Poor,16967055
Bahadurabad,10,5,5,2,1992,No,Average,29772660
FB Area,7,5,5,1,1991,Yes,Excellent,23563781
FB Area,10,6,2,1,1995,Yes,Excellent,29042290
Nazimabad,5,3,2,2,2010,No,Good,12649371
Malir,15,3,4,2,1998,No,Average,19290496
North Nazimabad,15,4,2,2,1999,Yes,Good,43579154
DHA,7,4,4,2,1992,Yes,Excellent,44126324
Gulistan-e-Johar,20,2,3,1,2013,Yes,Poor,35095415
Gulistan-e-Johar,15,3,2,3,2011,Yes,Excellent,44419859
Nazimabad,12,4,4,2,2003,No,Excellent,29963767
Malir,5,3,3,1,2016,Yes,Good,10223552
FB Area,10,3,5,2,2022,Yes,Good,26567157
FB Area,10,3,5,2,2011,No,Good,25161742
Saddar,7,2,2,3,2018,Yes,Poor,11339011
Nazimabad,5,4,1,1,2008,Yes,Average,10926265
North Nazimabad,12,4,5,2,2008,No,Good,33889335
Clifton,5,4,5,1,1995,No,Good,26483320
North Nazimabad,10,3,1,1,2008,Yes,Good,29141827
Surjani,20,3,4,2,2002,Yes,Good,27676351
FB Area,15,4,3,2,2015,Yes,Excellent,39706262
FB Area,7,4,2,2,2011,Yes,Poor,13838009
Gulshan,15,4,4,1,2010,Yes,Excellent,57256116
FB Area,5,3,2,1,1991,No,Excellent,13912638
DHA,5,6,5,2,2019,No,Good,31327062
Korangi,10,3,2,1,2016,No,Good,17313870
Nazimabad,7,4,3,1,1996,Yes,Excellent,19542624
Johar,7,4,2,1,2009,No,Excellent,26448481
North Nazimabad,10,4,3,2,2020,Yes,Good,30238919
Korangi,5,3,3,1,2012,Yes,Average,8718600
Malir,7,4,2,2,2002,Yes,Good,12300458
Clifton,10,5,3,1,2006,Yes,Good,48071163
DHA,12,3,3,1,1993,No,Good,59017791
Bahadurabad,10,3,1,2,2003,Yes,Average,30661793
PECHS,7,3,4,1,2009,Yes,Good,26651095
North Nazimabad,10,5,2,2,2002,No,Excellent,30927489
Korangi,5,2,3,1,1992,Yes,Good,9245567
Bahadurabad,5,6,3,2,2015,No,Average,16948455
Clifton,12,4,3,1,2015,Yes,Excellent,69862520
Gulshan,7,6,2,1,2007,Yes,Good,28313463
Bahadurabad,5,6,3,2,2021,No,Excellent,24045047
DHA,12,4,3,3,2003,Yes,Excellent,72489270
DHA,10,3,3,1,1992,Yes,Good,50994240
Johar,10,3,4,2,1990,Yes,Good,30318478
Gulshan,7,3,3,2,2015,Yes,Average,23465817
PECHS,7,4,1,2,2013,Yes,Average,23726221
Nazimabad,7,3,2,2,2003,Yes,Good,15612371
Bahadurabad,5,3,2,1,1992,Yes,Good,16759411
Gulshan,12,4,2,3,2002,No,Good,39049190
DHA,15,6,2,1,2003,Yes,Excellent,100580529
DHA,12,3,2,1,2010,Yes,Average,50721736
Korangi,12,2,2,3,2015,Yes,Poor,15310081
FB Area,10,2,1,2,1992,No,Excellent,27140927
PECHS,12,6,1,2,1993,No,Excellent,51399788
Bahadurabad,7,4,2,2,1990,No,Excellent,26633096
Johar,10,3,2,2,2022,No,Average,27426514
Johar,10,3,3,1,1996,Yes,Average,27720385
Bahadurabad,5,3,3,2,2000,Yes,Average,16151930
Surjani,7,3,2,1,2016,Yes,Average,9767354
Gulistan-e-Johar,20,6,3,2,2003,Yes,Good,52074414
Clifton,7,5,2,3,2011,Yes,Average,33632854
Johar,5,4,2,1,2005,Yes,Average,14519335
Gulshan,10,5,1,2,2001,No,Good,35868798
Clifton,12,3,3,1,1999,No,Good,63647731
Gulshan,10,4,3,1,2013,Yes,Average,29967977
Malir,12,5,2,3,2007,No,Good,19839428
DHA,5,3,2,1,2011,Yes,Average,24217264
FB Area,10,5,4,2,1998,Yes,Average,20522299
Korangi,7,3,2,2,2006,Yes,Average,11591086
Johar,15,3,2,3,2002,Yes,Average,38753214
FB Area,10,3,4,2,1995,Yes,Good,24183445
FB Area,5,4,4,2,2010,No,Average,13513368
FB Area,5,4,3,2,1996,Yes,Good,13824565
Gulistan-e-Johar,5,6,3,3,2014,Yes,Good,18672279
Clifton,7,4,2,2,2000,Yes,Excellent,43290378
Gulshan,7,5,1,2,2003,Yes,Good,28026405
Landhi,10,5,3,1,2018,No,Good,15891608
Malir,10,3,1,1,1999,Yes,Poor,10881566
North Nazimabad,7,4,3,2,1994,No,Good,21218110
FB Area,5,3,5,3,1997,No,Good,15142902
Nazimabad,5,4,5,3,1994,Yes,Good,14088313
Clifton,15,6,2,3,2013,Yes,Excellent,83212529
Johar,7,3,3,2,2015,No,Average,19782288
PECHS,12,4,3,2,1995,No,Good,43827575
Johar,15,4,4,2,2005,Yes,Average,41208329
Korangi,10,4,2,2,2001,No,Average,15914665
North Nazimabad,15,3,1,1,2000,No,Good,38540932
Landhi,7,3,2,2,1992,Yes,Average,8808769
Nazimabad,20,2,2,3,1995,Yes,Good,44149358
Johar,5,3,2,1,2008,No,Good,15280551
Landhi,5,2,4,3,2007,Yes,Average,8382094
North Nazimabad,12,4,3,1,2005,Yes,Average,26878463
FB Area,20,3,2,2,2012,Yes,Excellent,54360923
Nazimabad,15,5,3,2,1998,Yes,Excellent,41631183
Landhi,5,4,1,2,1992,Yes,Excellent,10117449
Korangi,7,4,4,2,1997,No,Good,13640855
Gulshan,20,4,5,3,1993,Yes,Poor,44518649
DHA,7,4,5,2,2001,Yes,Good,40539066
Gulshan,12,6,4,1,2020,Yes,Good,41994816
North Nazimabad,15,2,2,2,2014,Yes,Average,34798276
Clifton,10,3,1,1,2005,Yes,Good,49261797
DHA,7,5,3,1,2003,Yes,Good,40269777
Malir,10,2,5,1,2002,Yes,Poor,10903599
Korangi,7,2,2,3,1996,Yes,Average,11525941
Malir,15,3,1,2,2001,Yes,Average,19371835
Gulistan-e-Johar,10,2,4,2,1993,Yes,Good,30673380
Nazimabad,15,4,1,1,1991,No,Average,27920020
Bahadurabad,5,3,3,1,1992,Yes,Excellent,19577878
DHA,20,5,3,3,1993,Yes,Good,104766749
Malir,10,5,2,2,2001,No,Poor,11280975
Johar,5,4,1,3,2008,Yes,Good,17526004
Malir,5,4,4,1,1999,Yes,Average,8058454
Landhi,12,5,3,1,1990,Yes,Good,16728230
Gulshan,12,3,5,3,2006,Yes,Excellent,51540481
Landhi,15,5,2,2,2005,No,Average,17497314
Gulistan-e-Johar,5,5,1,1,1998,No,Excellent,18154562
DHA,5,4,3,1,1998,Yes,Average,24606739
DHA,10,4,3,2,1998,Yes,Excellent,61818304
Gulistan-e-Johar,7,3,2,2,2001,Yes,Poor,14385229
North Nazimabad,10,4,4,2,2004,No,Good,27997515
Landhi,20,5,2,1,1991,No,Good,26604486
Saddar,20,2,2,1,2000,Yes,Excellent,45713712
Johar,20,5,1,3,2000,Yes,Poor,40861066
PECHS,12,3,2,1,1997,Yes,Average,34571798
Gulshan,7,3,3,2,2021,Yes,Average,23536971
DHA,10,3,3,2,1995,Yes,Good,53910381
North Nazimabad,10,2,3,1,2009,Yes,Good,25912527
Bahadurabad,15,4,5,2,1997,Yes,Excellent,54560627
Johar,5,3,2,2,2023,No,Good,16891840
Landhi,10,6,1,2,2008,No,Good,15516752
Gulshan,5,4,1,2,1996,Yes,Poor,13084751
Bahadurabad,10,3,2,1,2020,Yes,Average,27843902
Landhi,15,4,3,2,2007,No,Good,20945516
Malir,12,5,3,2,2003,Yes,Excellent,22183432
Bahadurabad,7,4,4,2,2006,Yes,Average,21343027
Gulistan-e-Johar,20,2,2,1,1998,Yes,Excellent,59837541
Surjani,12,5,2,2,2009,Yes,Excellent,19976499
North Nazimabad,5,5,3,3,2017,Yes,Good,19518870
Gulshan,7,3,1,2,2009,Yes,Good,26199082
FB Area,7,2,3,2,2016,Yes,Average,14865392
Surjani,5,4,5,2,1997,Yes,Good,10005317
Nazimabad,20,3,2,3,2021,Yes,Excellent,53139122
Nazimabad,10,5,4,3,1990,Yes,Good,24358755
Gulshan,15,3,3,1,2006,No,Average,39558641
Bahadurabad,7,6,2,2,1998,Yes,Good,25410245
Landhi,5,4,3,1,2009,Yes,Good,9446358
North Nazimabad,10,3,2,2,2021,Yes,Poor,19194566
PECHS,5,3,1,1,1991,Yes,Poor,12302479
Nazimabad,10,4,3,2,2021,Yes,Poor,17318850
North Nazimabad,20,5,4,1,1998,No,Average,44693012
Nazimabad,10,5,2,2,2019,Yes,Excellent,28093881
Malir,10,3,2,2,2009,Yes,Good,16381395
Landhi,5,3,4,1,1990,No,Good,7369917
Malir,5,2,4,3,1994,Yes,Good,9880416
Johar,5,4,3,2,1990,Yes,Poor,12432928
Nazimabad,10,2,2,2,2003,Yes,Average,18915610
FB Area,5,4,5,2,1998,Yes,Average,11917800
FB Area,7,4,2,1,2019,No,Excellent,20828315
Malir,10,6,3,2,2013,Yes,Poor,12223945
Gulistan-e-Johar,7,3,1,1,1993,Yes,Average,16408780
Surjani,5,3,3,2,2003,No,Excellent,9872415
FB Area,7,4,2,2,2014,Yes,Average,15278241
Nazimabad,20,4,3,1,1993,Yes,Good,44268595
Gulshan,12,3,2,3,2014,Yes,Excellent,46591514
Malir,10,6,2,1,1999,Yes,Average,15255816
Johar,5,5,3,3,1996,No,Average,15601857
PECHS,20,3,4,1,2002,No,Excellent,78071264
PECHS,12,3,5,2,1993,Yes,Good,42949127
Clifton,7,4,2,1,2003,Yes,Poor,25959083
Surjani,15,5,3,2,2007,Yes,Average,17625770
Bahadurabad,7,2,3,2,1997,Yes,Average,20005351
Landhi,10,4,2,1,2021,Yes,Good,17020064
FB Area,10,4,1,2,2016,Yes,Excellent,28854630
FB Area,7,3,3,2,2012,No,Good,18856365
Bahadurabad,20,4,5,2,1996,No,Good,68222205
DHA,12,6,3,3,2001,Yes,Good,66537960
Johar,10,2,3,2,2014,Yes,Excellent,33315041
Saddar,5,3,3,1,1992,Yes,Good,11380491
Malir,5,4,2,1,2015,No,Good,8900481
Gulistan-e-Johar,7,5,4,2,1993,No,Average,19333023
Johar,12,6,3,2,2004,No,Excellent,42012303
Korangi,7,4,2,1,2021,Yes,Good,16365776
FB Area,10,5,4,1,2018,Yes,Excellent,32957789
Landhi,12,4,2,2,1999,Yes,Good,17139023
Clifton,5,4,5,3,2010,Yes,Excellent,34189179
PECHS,12,3,2,1,2005,Yes,Poor,32287482
FB Area,5,3,2,2,2008,Yes,Average,12719600
Clifton,20,3,2,2,2018,Yes,Good,102109470
Nazimabad,10,4,3,2,2007,Yes,Excellent,29511279
Johar,5,2,1,1,2005,Yes,Good,15553777
Nazimabad,7,6,3,2,1990,Yes,Average,15269785
Saddar,10,3,3,3,1991,Yes,Excellent,24465698
Gulshan,12,3,3,1,2004,Yes,Good,42863957
Korangi,12,4,1,2,2017,Yes,Average,19084720
Johar,10,4,3,1,1990,Yes,Average,26302576
DHA,5,2,1,1,1994,Yes,Average,23067114
Saddar,5,3,3,2,2011,No,Average,9420954
North Nazimabad,5,6,1,2,2002,Yes,Poor,11942320
DHA,10,3,5,1,1990,Yes,Good,53174836
Surjani,15,3,3,2,2005,Yes,Good,21722980
Malir,10,5,3,2,2011,No,Average,13620357
Landhi,5,2,3,2,2021,Yes,Average,9024377
Johar,10,4,2,2,2005,Yes,Poor,22308798
North Nazimabad,15,3,2,1,2004,Yes,Excellent,47006864
North Nazimabad,12,3,4,3,2001,No,Good,36794872
Saddar,15,3,5,2,1990,No,Good,30738338
Bahadurabad,7,2,1,2,2006,Yes,Good,23970433
Surjani,5,3,3,2,2017,No,Good,9260848
Gulshan,15,2,3,1,1996,No,Average,40891992
Johar,12,5,3,1,1998,Yes,Excellent,42489389
Bahadurabad,7,3,1,2,2011,Yes,Average,19875075
Saddar,12,4,2,2,2015,Yes,Average,21923538
Malir,15,5,2,3,2001,No,Good,21064403
PECHS,10,4,4,3,1996,Yes,Good,40551644
FB Area,12,2,3,1,2004,No,Average,23739615
FB Area,7,6,3,2,2010,Yes,Average,17299225
Gulshan,10,3,5,2,2003,Yes,Average,30979197
Malir,10,3,3,1,1991,No,Average,11481020
Gulistan-e-Johar,15,5,4,2,1997,Yes,Poor,32197651
Gulshan,15,4,3,2,1995,Yes,Good,51285117
Johar,15,4,2,2,2022,Yes,Poor,32382128
Johar,5,3,5,1,1995,Yes,Average,13631156
Clifton,12,4,3,1,2015,Yes,Average,52209937
Bahadurabad,12,3,2,1,2003,Yes,Excellent,47160920
Gulistan-e-Johar,12,6,2,2,1997,Yes,Poor,25290430
FB Area,12,3,1,1,2002,No,Good,29091941
North Nazimabad,15,5,3,2,2002,No,Average,36151389
Bahadurabad,10,4,4,2,2017,Yes,Excellent,39471964
Korangi,10,5,5,2,2007,No,Good,18317964
Johar,5,4,5,2,2008,Yes,Good,18611024
Surjani,7,4,2,2,2021,Yes,Good,12105529
Landhi,10,3,2,2,2011,Yes,Excellent,18820253
Malir,12,3,1,2,1991,No,Average,14975637
DHA,7,3,4,2,2002,No,Excellent,47471442
Gulshan,5,5,2,2,2012,Yes,Good,21833413
Johar,12,5,3,2,2014,Yes,Excellent,43376808
Bahadurabad,5,4,3,1,2017,Yes,Good,17158091
Gulistan-e-Johar,5,3,3,2,2000,Yes,Good,16894604
Landhi,5,3,2,3,2022,Yes,Good,11640865
Surjani,5,4,5,1,2013,Yes,Good,9083972
Bahadurabad,5,4,5,1,1991,No,Average,16134619
DHA,7,5,2,1,2019,Yes,Excellent,45882694
Landhi,10,6,3,2,2006,No,Excellent,19243374
Korangi,15,3,5,1,2023,Yes,Good,28909773
DHA,10,4,1,2,2011,Yes,Poor,40154689
Saddar,12,4,3,1,1994,No,Good,24575084
Nazimabad,5,3,2,1,2005,No,Good,12232747
Saddar,7,3,3,2,2002,Yes,Good,16493115
FB Area,12,2,1,1,2015,Yes,Good,27978918
Bahadurabad,5,5,3,3,2020,No,Excellent,23624732
Johar,10,4,2,1,2012,Yes,Excellent,34371055
Johar,10,4,3,2,2001,Yes,Good,31319634
Johar,10,6,5,1,2003,Yes,Good,32149637
Surjani,5,5,4,1,2007,No,Excellent,10188250
Nazimabad,7,3,4,3,2016,No,Average,16003679
Saddar,10,4,3,3,2017,No,Poor,15804762
Nazimabad,5,4,1,1,2007,Yes,Good,13070175
PECHS,12,5,2,2,2005,Yes,Average,36123626
Bahadurabad,12,4,5,2,2005,Yes,Poor,28293724
Nazimabad,20,4,2,1,2002,No,Average,36191497
North Nazimabad,7,3,2,1,2018,Yes,Good,20280052
Gulshan,15,5,3,3,1998,Yes,Average,44661685
Gulshan,10,2,2,3,2015,Yes,Excellent,38171483
North Nazimabad,7,3,2,3,2017,Yes,Good,22544798
Landhi,5,3,5,2,2002,No,Good,9807613
Clifton,12,2,4,2,1998,Yes,Excellent,71409731
Surjani,7,3,3,1,2003,No,Good,10361573
Landhi,7,5,5,1,2001,Yes,Excellent,14577929
DHA,5,6,3,1,2021,No,Average,25718664
Gulistan-e-Johar,15,3,3,2,1992,No,Good,40211401
Surjani,12,3,1,2,2005,Yes,Good,16705197
Surjani,12,3,2,2,2009,No,Excellent,17107845
DHA,7,3,3,3,2021,Yes,Excellent,44109557
Nazimabad,5,2,4,3,2012,No,Good,15110830
Saddar,10,6,3,3,2006,No,Poor,14364903
Saddar,10,3,2,1,2005,No,Excellent,22781698
Gulshan,5,4,2,2,1997,Yes,Good,20484176
Malir,12,2,4,2,2008,Yes,Average,16159296
Landhi,20,5,2,1,2019,Yes,Excellent,31716939
PECHS,12,4,3,3,2023,Yes,Average,40850145
Bahadurabad,12,6,1,3,2003,No,Good,39932283
FB Area,20,5,1,1,2011,No,Good,47022419
Korangi,7,3,3,1,2006,No,Good,12362636
Saddar,10,3,3,2,2004,Yes,Good,22691825
Bahadurabad,20,4,2,2,2021,No,Good,68608006
Korangi,5,3,2,3,2002,No,Average,9203207
Bahadurabad,12,4,4,1,2010,No,Average,31089216
Nazimabad,10,2,2,1,2022,Yes,Average,18872396
Korangi,10,2,3,1,2016,Yes,Average,14990813
FB Area,12,4,5,1,2005,Yes,Good,31014628
Bahadurabad,20,4,2,1,2017,Yes,Average,51294982
North Nazimabad,12,5,5,3,2023,Yes,Good,35432818
FB Area,5,3,2,1,1990,No,Average,10634786
Korangi,15,4,3,2,2020,Yes,Good,28581611
FB Area,7,3,2,1,2022,Yes,Average,15400988
Bahadurabad,7,2,5,1,2022,Yes,Average,19595455
Clifton,10,4,2,2,2007,No,Good,59781973
Bahadurabad,10,3,2,2,2012,No,Excellent,39555824
Bahadurabad,10,3,5,2,2012,No,Good,33546094
Nazimabad,20,3,3,2,2004,Yes,Good,45390143
Landhi,12,3,3,1,2015,Yes,Average,14909142
North Nazimabad,10,2,2,2,2019,No,Poor,20413296
PECHS,5,2,3,1,2014,Yes,Good,20360987
Saddar,20,3,1,2,2005,Yes,Good,39127752
Surjani,20,2,1,1,2003,Yes,Average,19903819
DHA,12,4,3,2,2006,Yes,Excellent,68380314
Landhi,5,3,2,1,2001,No,Good,8501012
DHA,5,3,5,2,2018,Yes,Poor,19877980
Nazimabad,7,3,5,3,2021,Yes,Average,15645930
North Nazimabad,5,4,3,2,2013,Yes,Excellent,19285041
Johar,7,5,4,2,2002,Yes,Good,23131812
Bahadurabad,20,5,3,3,2009,Yes,Average,55573435
Johar,10,4,2,2,2004,Yes,Average,27871590
Johar,5,4,4,1,1993,Yes,Average,15124491
Gulistan-e-Johar,7,4,2,1,2023,Yes,Good,22219725
Gulshan,5,4,2,2,2017,Yes,Poor,14027314
Johar,5,3,4,2,1991,Yes,Good,17192525
Saddar,7,3,3,1,2019,Yes,Average,13920724
Clifton,7,3,4,1,2015,Yes,Good,33884910
Gulshan,12,6,2,3,2015,No,Excellent,51984439
Nazimabad,20,4,3,1,2009,Yes,Poor,28198812
Surjani,7,4,1,2,2017,Yes,Excellent,14891009
Landhi,10,3,3,1,2009,Yes,Good,14647625
Clifton,15,4,4,2,2000,No,Average,63665996
FB Area,7,3,3,1,1999,Yes,Average,14588581
Korangi,5,3,2,2,2012,Yes,Average,9137812
Gulistan-e-Johar,15,5,1,1,2008,No,Good,44882299
Clifton,5,4,2,2,2007,No,Good,28635956
PECHS,10,3,3,2,2016,No,Poor,24927027
Johar,10,5,5,1,1995,Yes,Excellent,39382278
Nazimabad,7,3,2,2,1999,Yes,Average,15267082
Malir,7,6,3,2,1991,Yes,Good,13260885
Korangi,12,3,4,1,2013,No,Average,18080575
DHA,5,3,3,2,2017,Yes,Excellent,33497452
Saddar,7,3,3,1,2017,Yes,Good,17523132
DHA,12,3,4,2,1991,No,Average,51132278
Clifton,10,3,2,1,1994,No,Good,49760646
Surjani,5,4,2,1,2000,No,Average,6404889
DHA,15,5,1,1,1999,No,Average,61036559
PECHS,7,5,5,2,1991,No,Average,26832465
Nazimabad,15,3,5,2,2004,Yes,Poor,22459800
FB Area,12,4,4,2,1996,No,Good,30127992
Surjani,10,3,1,1,2009,No,Excellent,13491340
Landhi,10,2,3,1,2023,Yes,Excellent,17074860
Saddar,20,4,2,2,2023,Yes,Good,41507652
PECHS,5,4,1,2,2011,No,Excellent,22878489
PECHS,12,2,3,1,2020,Yes,Good,46320304
DHA,5,2,5,2,2012,No,Excellent,32334109
Johar,7,6,5,1,2008,Yes,Excellent,29930937
DHA,7,2,3,2,1993,Yes,Excellent,45999882
Clifton,20,4,1,3,2013,Yes,Average,83042626
Landhi,20,4,2,3,2009,Yes,Good,28860303
Gulshan,5,3,2,2,2017,Yes,Good,20032078
Surjani,5,3,4,1,2006,Yes,Average,7536372
DHA,12,3,4,2,2008,Yes,Excellent,73652926
Nazimabad,10,5,2,2,2021,Yes,Poor,17701767
Malir,5,4,3,1,2019,Yes,Average,8774397
Saddar,12,4,1,2,2006,Yes,Excellent,29031320
Bahadurabad,10,6,2,3,2018,No,Average,32314300
DHA,20,5,3,3,1995,Yes,Average,92001528
Nazimabad,7,4,2,1,2006,Yes,Good,17596067
Surjani,10,4,3,2,2006,Yes,Average,13299030
Nazimabad,10,4,4,2,2003,Yes,Excellent,27673033
Saddar,12,4,3,1,2013,Yes,Good,25652519
Gulshan,10,4,1,2,2021,Yes,Excellent,39425591
Nazimabad,10,4,2,2,2003,No,Good,24618645
Malir,7,2,3,2,2016,No,Good,10502394
Nazimabad,15,4,2,1,2008,No,Poor,22720564
Nazimabad,10,3,2,2,2020,Yes,Excellent,29174436
Nazimabad,5,3,3,3,1998,Yes,Good,13045292
FB Area,12,2,3,2,2006,Yes,Good,30089675
FB Area,7,4,4,2,2008,No,Average,15928708
Gulshan,5,4,2,1,1993,No,Poor,12264590
DHA,15,3,4,1,2000,Yes,Average,69257754
Nazimabad,10,4,2,2,2011,Yes,Poor,17001714
Gulistan-e-Johar,12,4,1,1,1993,Yes,Average,24471453
Landhi,7,3,3,3,2006,No,Poor,8189649
Gulistan-e-Johar,12,4,3,1,1997,No,Average,28838465
DHA,5,5,5,2,2023,Yes,Excellent,36509031
Gulshan,7,5,3,1,2000,No,Good,27620132
Johar,20,4,5,3,2020,Yes,Average,57318079
Johar,12,4,5,1,2000,No,Good,36071980
North Nazimabad,10,2,3,1,2010,No,Good,30379371
Gulistan-e-Johar,7,3,3,1,2019,No,Good,20475030
DHA,15,2,3,2,1999,Yes,Poor,51805338
DHA,10,6,5,1,2015,Yes,Excellent,61635862
Korangi,12,3,4,1,2016,Yes,Average,16288326
Clifton,12,3,2,1,1997,Yes,Average,54776494
Bahadurabad,5,5,4,2,1997,No,Poor,14322726
Surjani,5,6,2,1,1997,Yes,Poor,6013338
Korangi,12,5,3,1,2023,Yes,Average,19033133
Malir,5,2,2,1,2005,No,Good,7988004
FB Area,7,2,3,2,2002,Yes,Good,17421277
FB Area,20,3,4,2,2012,Yes,Good,43970204
Clifton,10,3,2,2,2001,Yes,Average,42936103
Saddar,12,2,1,3,2016,Yes,Average,21243395
Saddar,10,4,2,3,2011,Yes,Average,19045304
Gulshan,10,6,3,1,2021,No,Excellent,42500566
PECHS,5,3,2,2,2016,Yes,Good,22822438
Clifton,7,4,2,2,1991,No,Good,35602160
Bahadurabad,7,4,2,3,2022,Yes,Excellent,30618732
DHA,7,3,3,2,2015,Yes,Good,40469215
Saddar,12,4,2,2,2017,Yes,Excellent,30669351
Bahadurabad,7,3,3,2,2008,Yes,Average,20350009
Nazimabad,10,3,1,3,1994,Yes,Good,23311797
Gulistan-e-Johar,7,4,3,1,2022,Yes,Good,22191343
Gulistan-e-Johar,5,3,2,1,2009,Yes,Poor,10006692
PECHS,10,6,3,1,2019,Yes,Good,42473919
Landhi,5,3,2,1,1997,Yes,Excellent,9920147
DHA,5,4,3,2,2006,Yes,Good,28048355
Surjani,5,4,5,1,1990,No,Excellent,9405202
Surjani,7,3,5,1,1992,No,Excellent,11750617
Malir,12,2,3,3,2015,Yes,Excellent,22316612
Surjani,7,4,3,2,2020,Yes,Good,12801009
Nazimabad,7,5,4,2,1997,No,Excellent,20811000
Nazimabad,10,5,3,1,1997,Yes,Good,21636206
Gulistan-e-Johar,5,4,2,1,2017,No,Average,13520948
Clifton,15,5,4,2,1993,Yes,Good,72055707
PECHS,10,4,3,2,2005,No,Poor,28252219
Gulshan,10,4,2,1,2002,Yes,Good,33632093
Malir,10,4,2,3,2009,No,Good,17110891
Saddar,5,4,2,3,1994,Yes,Average,11808184
Bahadurabad,10,5,3,3,2009,Yes,Excellent,41897166
Clifton,7,3,2,2,2013,Yes,Excellent,40525402
Saddar,15,5,2,1,2023,Yes,Average,25295251
Clifton,5,4,2,2,2023,No,Good,27306481
Clifton,10,3,3,2,2008,Yes,Average,44812132
Clifton,10,2,3,1,2006,No,Poor,35484517
Gulistan-e-Johar,5,3,2,2,1994,Yes,Good,14559242
Surjani,7,4,1,1,2014,No,Good,9698887
PECHS,12,5,2,2,2007,Yes,Good,47002570
Gulshan,15,3,5,1,1997,No,Poor,34993881
Surjani,7,5,3,2,2016,No,Average,11582685
Clifton,12,5,3,1,2004,Yes,Poor,42988533
North Nazimabad,20,3,1,2,2002,No,Good,57044271
Landhi,15,5,3,2,2005,No,Average,17645704
Saddar,5,6,3,2,2011,Yes,Good,13221220
DHA,12,4,2,3,2009,Yes,Good,61123724
Korangi,7,5,2,2,2002,Yes,Poor,10827645
Surjani,20,6,2,3,2009,No,Excellent,34089092
Bahadurabad,10,4,4,1,1991,Yes,Poor,22095689
Gulistan-e-Johar,5,3,4,1,2008,Yes,Excellent,17639224
Malir,12,5,3,1,1995,Yes,Average,15086000
FB Area,7,4,3,1,2003,Yes,Good,16869704
Gulshan,20,4,2,2,1993,No,Good,69044107
DHA,20,3,3,1,2011,No,Good,103693537
Nazimabad,12,5,3,2,2023,Yes,Good,29465444
Johar,5,2,2,2,2016,Yes,Good,16088951
North Nazimabad,12,6,4,2,1996,No,Average,31637617
FB Area,5,3,2,2,1992,Yes,Excellent,15246375
Korangi,5,3,2,2,2022,Yes,Excellent,13695929
DHA,15,4,3,1,1991,Yes,Excellent,82696429
FB Area,7,2,3,1,2005,Yes,Good,17481862
DHA,7,4,3,2,2014,Yes,Average,34064145
Bahadurabad,20,6,2,2,2004,No,Average,55462425
North Nazimabad,7,5,4,2,2013,Yes,Good,22925913
Korangi,7,3,3,3,2004,No,Good,14653584
Nazimabad,20,3,3,2,2020,Yes,Average,35526513
Clifton,5,5,5,2,2003,Yes,Good,29336684
Saddar,12,6,3,1,2003,No,Good,25393619
Nazimabad,20,4,2,2,1995,Yes,Good,43750992
Clifton,20,4,4,2,2003,Yes,Excellent,115704525
Johar,12,3,1,1,2006,Yes,Excellent,38549092
Gulistan-e-Johar,7,5,1,1,2007,Yes,Excellent,22290200
PECHS,7,4,3,2,2009,No,Average,21353994
PECHS,15,3,5,1,2006,Yes,Excellent,66912760
PECHS,15,3,2,1,2005,No,Excellent,65208792
Gulshan,10,5,3,2,2021,Yes,Good,38925330
Surjani,7,2,2,1,1998,Yes,Excellent,10859056
Landhi,5,3,3,3,2016,No,Excellent,10684395
Malir,5,4,3,1,2022,No,Poor,6707058
Malir,12,3,3,2,1999,Yes,Excellent,21862209
Surjani,10,2,2,2,2006,Yes,Average,11809481
PECHS,20,5,3,3,2006,Yes,Good,74560239
Saddar,12,5,5,1,2007,Yes,Average,22550937
Korangi,5,5,3,2,2012,No,Good,11906933
North Nazimabad,10,5,3,2,2023,No,Good,30130854
Korangi,10,4,5,2,1997,Yes,Average,15839665
North Nazimabad,10,5,1,2,2002,No,Good,29689546
Korangi,12,3,3,2,2012,Yes,Average,18214059
Landhi,15,4,4,3,2009,Yes,Good,21796467
Gulshan,15,6,1,1,2011,Yes,Poor,34963131
Gulshan,7,3,3,1,2012,No,Average,20879755
PECHS,5,3,2,2,1992,No,Poor,14401886
Johar,12,4,3,1,2023,Yes,Good,37670219
Clifton,5,3,3,3,2022,Yes,Good,28928224
Johar,7,2,2,2,2006,No,Average,17452807
FB Area,5,5,3,2,2008,Yes,Average,13869113
Gulshan,12,6,2,1,2019,Yes,Poor,29152671
Gulshan,5,4,2,1,2012,No,Good,18705974
Nazimabad,12,2,2,2,2004,No,Average,23918184
Nazimabad,20,2,4,3,2003,Yes,Good,45170551
Clifton,5,5,1,3,1991,Yes,Good,25766374
Bahadurabad,5,4,4,1,2007,Yes,Excellent,19549921
FB Area,7,3,3,1,1995,Yes,Good,17593246
Johar,15,4,2,1,2021,No,Poor,29754322
Saddar,7,3,3,3,2010,Yes,Excellent,20421413
Nazimabad,7,4,3,1,2017,No,Average,14778664
Saddar,5,5,3,1,2016,Yes,Good,13409981
DHA,12,4,2,1,1991,Yes,Excellent,69057801
Nazimabad,10,4,2,1,2022,Yes,Good,25872247
Landhi,12,3,2,3,2005,No,Good,20501228
Bahadurabad,20,4,1,2,2011,Yes,Excellent,72291313
FB Area,7,4,2,1,2002,Yes,Average,15743076
Gulistan-e-Johar,15,3,1,1,1991,Yes,Poor,27397804
Clifton,5,4,2,1,2003,Yes,Good,26501370
DHA,15,3,1,1,2017,Yes,Excellent,85692625
Gulistan-e-Johar,12,5,2,1,1996,Yes,Good,31209803
FB Area,15,4,2,2,2007,Yes,Average,29544013
Johar,5,6,5,1,1993,Yes,Good,18619782
PECHS,5,2,1,1,2019,Yes,Excellent,22234357
Landhi,7,5,3,1,2013,Yes,Good,10932121
FB Area,7,4,2,2,2009,Yes,Poor,13846280
Landhi,7,5,5,2,2020,Yes,Good,14272643
Surjani,7,3,1,2,2013,Yes,Good,11794037
Landhi,5,4,5,2,1996,No,Poor,6916675
Saddar,10,5,3,2,2015,Yes,Average,18143954
Surjani,15,3,1,1,2002,Yes,Average,13971917
Korangi,10,3,4,3,1997,Yes,Good,18557508
Gulistan-e-Johar,5,4,3,1,1994,No,Poor,9968382
PECHS,10,4,2,2,2002,No,Average,33912211
Surjani,5,3,4,2,2018,Yes,Average,8496230
Johar,20,3,5,2,2009,Yes,Average,54205269
DHA,5,3,3,3,2003,Yes,Average,23215567
FB Area,12,5,2,2,2021,No,Good,32443747
North Nazimabad,20,4,4,3,2016,No,Good,57189930
DHA,15,5,3,2,2014,Yes,Average,61138004
Korangi,12,6,4,3,1993,No,Good,24574317
DHA,15,4,3,3,2010,No,Good,79971965
Gulshan,20,2,2,3,2007,Yes,Good,68976091
Johar,10,2,5,2,2004,Yes,Average,25698445
North Nazimabad,10,3,2,1,2013,Yes,Excellent,34069649
Surjani,10,6,2,1,1997,Yes,Average,11634199
Surjani,10,4,3,2,2017,No,Average,13413263
Surjani,10,3,3,3,2010,Yes,Excellent,18676085
Korangi,10,3,1,2,2005,No,Good,16600039
Saddar,7,4,4,3,2005,No,Good,18960660
Gulistan-e-Johar,5,4,2,2,2006,Yes,Good,16488696
FB Area,5,3,3,1,1998,Yes,Good,13838108
Bahadurabad,7,6,4,1,2018,No,Excellent,27298297
Malir,5,4,2,1,2007,No,Poor,7005791
Gulistan-e-Johar,10,3,1,1,2001,No,Excellent,28555102
Korangi,7,5,2,2,2008,Yes,Average,13314009
Clifton,15,2,5,3,2011,Yes,Good,72932564
Johar,5,6,1,2,2004,Yes,Average,15155951
FB Area,7,6,2,2,1990,No,Good,19645373
Gulistan-e-Johar,12,4,3,1,1991,Yes,Average,29088991
PECHS,10,5,3,1,1997,No,Average,30127480
Korangi,5,3,1,2,2011,Yes,Average,9635709
Gulshan,15,6,3,1,2014,No,Excellent,63166509
Malir,15,4,2,1,1991,Yes,Average,17620479
Gulshan,7,4,5,2,1998,Yes,Good,28834195
Surjani,7,6,2,1,1998,Yes,Excellent,12048407
Malir,20,6,2,3,2002,Yes,Good,30419107
Gulistan-e-Johar,10,5,3,1,1995,Yes,Good,28926591
PECHS,10,3,2,1,2019,Yes,Good,36521822
Surjani,15,6,3,1,2004,Yes,Average,17827095
Bahadurabad,7,4,2,1,2004,Yes,Good,24188086
Johar,10,6,2,2,1996,No,Good,31502552
Clifton,7,4,3,2,2000,Yes,Excellent,44800077
FB Area,12,3,3,2,1991,Yes,Average,24578619
Saddar,10,3,3,2,1999,No,Good,20990224
Gulshan,12,4,2,1,2006,Yes,Good,43773197
Gulshan,7,5,2,2,1996,No,Average,22708627
Surjani,7,3,1,1,1993,Yes,Good,9613533
Landhi,10,4,1,1,2020,Yes,Good,14515132
Malir,12,3,3,2,2014,Yes,Good,20114297
Nazimabad,10,5,4,2,2002,Yes,Average,20072796
Bahadurabad,5,4,2,2,2007,Yes,Average,14995926
FB Area,15,2,2,1,2010,Yes,Good,35073797
Malir,5,3,2,1,1990,Yes,Excellent,9003625
Landhi,20,2,2,3,1997,Yes,Excellent,32456753
DHA,5,4,1,1,2010,Yes,Average,24680835
Malir,12,3,5,1,2010,Yes,Average,14767457
Saddar,5,3,3,1,2016,Yes,Good,11790594
FB Area,20,6,5,1,2008,Yes,Excellent,52237051
Gulistan-e-Johar,10,5,4,1,2012,Yes,Average,24411945
Bahadurabad,5,4,3,2,1994,Yes,Average,16082882
Landhi,7,6,3,2,1997,Yes,Average,10958121
DHA,5,2,2,3,2000,Yes,Average,23345667
Johar,5,4,3,1,2005,Yes,Average,15615692
North Nazimabad,20,4,5,1,2013,Yes,Excellent,55197786
Landhi,10,4,1,2,2010,Yes,Excellent,19171586
North Nazimabad,12,3,4,2,2012,Yes,Excellent,38259657
FB Area,10,4,2,2,1997,Yes,Average,21463347
Gulshan,12,4,4,2,1996,Yes,Excellent,47362321
Landhi,5,4,5,1,1991,Yes,Good,9855871
Johar,7,3,3,2,2019,Yes,Good,22382058
Clifton,12,3,3,2,2002,No,Good,60535503
Surjani,20,3,3,1,2012,No,Average,21461437
North Nazimabad,7,3,4,3,2018,Yes,Excellent,24107975
Surjani,7,4,5,2,2009,Yes,Good,11972764
Saddar,10,3,4,1,2022,Yes,Average,18477083
Clifton,20,5,3,1,2018,No,Excellent,109791774
Surjani,7,3,3,1,2004,Yes,Average,8479508
Korangi,10,3,4,2,2012,No,Average,15616947
Korangi,15,4,3,1,1992,Yes,Poor,18140657
DHA,5,2,4,1,2018,Yes,Average,23559253
Bahadurabad,5,4,3,1,1997,Yes,Good,18812495
Gulshan,10,4,1,2,2011,Yes,Good,33966508
FB Area,20,3,2,2,2018,Yes,Excellent,51636893
Landhi,7,2,3,2,1991,Yes,Good,11785411
Nazimabad,10,3,2,1,1990,Yes,Excellent,24134033
Saddar,10,2,2,3,2009,No,Good,19857156
North Nazimabad,10,3,3,2,2010,Yes,Average,22347726
FB Area,10,3,1,3,1997,Yes,Good,26712694
Clifton,10,3,2,2,2016,Yes,Good,50916021
PECHS,10,4,3,2,1995,No,Good,37567317
Korangi,10,4,5,2,2008,No,Good,19146370
PECHS,10,4,3,1,2007,Yes,Poor,28204623
Johar,10,3,5,2,1990,Yes,Good,31118138
Saddar,15,3,3,2,2014,Yes,Average,29438291
Nazimabad,5,5,2,2,2016,Yes,Good,14898983
Landhi,15,4,3,3,1996,Yes,Excellent,27127579
DHA,15,5,3,2,2018,No,Good,82908881
Nazimabad,7,3,2,1,2020,Yes,Average,14593357
Saddar,10,4,1,1,2008,Yes,Excellent,23217983
Nazimabad,10,4,3,2,1995,Yes,Excellent,27532021
Saddar,7,3,1,2,2014,No,Excellent,18279625
Saddar,7,4,3,1,2020,Yes,Average,13706041
Malir,5,4,2,1,1998,Yes,Average,7799332
North Nazimabad,7,3,3,2,2009,Yes,Good,22563468
Gulistan-e-Johar,15,3,3,2,1999,Yes,Good,44967519
PECHS,7,5,1,3,2016,No,Average,25968903
Gulistan-e-Johar,15,6,2,2,2002,Yes,Average,39117943
Gulistan-e-Johar,10,3,3,2,1991,No,Average,22515931
Gulistan-e-Johar,15,3,4,2,2010,Yes,Average,36600928
Surjani,10,3,4,3,2022,Yes,Average,14963637
Korangi,5,4,3,2,2013,No,Good,10936849
Malir,12,3,3,3,2023,Yes,Average,17292206
Landhi,5,6,2,3,1998,Yes,Poor,8521259
Malir,10,3,2,3,1991,Yes,Excellent,17885785
Gulshan,20,3,2,1,2019,Yes,Excellent,72044229
Gulshan,5,4,3,1,2011,Yes,Poor,14730521
Surjani,7,5,2,1,2000,No,Good,11022317
Korangi,12,4,1,1,2006,No,Average,17540975
Nazimabad,15,4,3,1,2002,Yes,Good,33024349
North Nazimabad,12,6,3,1,1996,Yes,Excellent,38017728
Korangi,7,2,2,1,2005,Yes,Excellent,14519340
Surjani,12,5,1,2,2022,Yes,Excellent,22335100
Saddar,7,3,3,2,1990,Yes,Good,15583696
Clifton,12,5,3,1,2000,Yes,Good,67720061
North Nazimabad,20,4,3,2,1995,Yes,Average,43473896
Bahadurabad,12,3,2,2,2009,Yes,Poor,27587826
PECHS,15,5,3,2,2015,Yes,Good,56476524
North Nazimabad,5,2,4,3,2001,Yes,Good,15557471
Surjani,12,3,2,1,2019,No,Good,15728681
Saddar,15,4,5,1,2017,Yes,Good,32106250
Saddar,5,3,2,2,2016,Yes,Good,13135507
DHA,15,4,2,1,2008,Yes,Excellent,99561958
Gulistan-e-Johar,7,2,3,2,1994,Yes,Excellent,23534138
Korangi,12,3,1,1,1994,Yes,Excellent,23836204
Saddar,15,3,2,1,2016,Yes,Excellent,34614013
Gulshan,12,3,3,1,2017,No,Average,38004341
Gulistan-e-Johar,5,4,4,1,2015,Yes,Good,18534717
Landhi,10,5,5,2,2016,Yes,Average,15444509
Clifton,10,6,3,2,2010,Yes,Poor,35458195
Surjani,20,5,2,1,1990,No,Poor,16475162
PECHS,10,3,3,1,2017,No,Poor,26868492
Korangi,7,4,3,1,2004,No,Good,13501289
FB Area,12,3,4,1,2006,Yes,Good,30530177
Gulshan,10,3,4,3,2015,No,Excellent,43117309
Johar,10,4,4,1,2009,Yes,Average,26996925
Bahadurabad,10,2,3,2,2014,Yes,Average,27569212
Nazimabad,15,3,3,3,2002,No,Average,29219530
Saddar,10,6,2,1,2022,No,Good,24368311
FB Area,10,4,5,2,2014,Yes,Average,24209703
Saddar,5,4,2,3,1997,Yes,Excellent,15526803
North Nazimabad,5,2,1,2,1994,Yes,Excellent,17412481
Gulshan,5,3,2,2,1995,Yes,Average,15641808
North Nazimabad,5,5,4,2,2012,Yes,Good,17250185
DHA,10,3,3,2,2019,No,Poor,36218229
North Nazimabad,12,4,3,1,2003,Yes,Excellent,37883688
DHA,10,2,5,3,2012,No,Average,45181116
Bahadurabad,15,4,5,2,2000,No,Good,51854232
Surjani,20,2,2,2,2020,Yes,Average,21159868
DHA,15,5,2,3,1995,No,Average,64495656
FB Area,12,5,4,2,2000,Yes,Poor,23807696
Gulistan-e-Johar,10,5,5,1,2002,Yes,Good,28540992
Saddar,10,3,3,1,2001,Yes,Poor,14495425
Nazimabad,5,5,3,2,1991,Yes,Excellent,16286922
Gulistan-e-Johar,7,4,2,2,2006,No,Excellent,22560515
PECHS,20,3,4,2,2017,No,Good,78518201
Surjani,15,4,3,3,2017,Yes,Average,19251852
North Nazimabad,7,2,3,3,2011,No,Good,22797991
Johar,10,3,1,2,1996,Yes,Average,25044559
PECHS,15,4,5,1,2004,No,Average,47665077
Gulshan,5,3,3,2,2021,Yes,Good,20390044
DHA,7,4,2,2,2000,Yes,Poor,27305590
Saddar,15,3,3,2,2013,Yes,Excellent,33003831
Clifton,10,5,3,2,1992,Yes,Average,44359477
Korangi,5,6,3,2,2019,Yes,Good,12304968
FB Area,10,5,3,1,1995,No,Good,25193438
Nazimabad,15,3,3,1,1991,Yes,Good,28638840
Malir,10,3,5,2,2003,No,Excellent,17270484
FB Area,7,4,1,1,2007,No,Good,18372369
Bahadurabad,7,2,2,1,2020,Yes,Excellent,26509796
Clifton,10,2,2,1,2002,Yes,Good,47340233
Johar,10,4,3,2,2015,No,Excellent,39199510
Korangi,12,4,3,1,2001,Yes,Good,21394827
Clifton,5,6,4,2,2007,Yes,Average,26124030
North Nazimabad,15,3,3,2,1998,Yes,Good,40361697
DHA,5,3,3,2,2010,Yes,Average,27759866
Surjani,7,3,5,2,2013,No,Average,9685621
Nazimabad,5,6,2,1,2023,Yes,Average,13723495
Landhi,7,5,4,2,1997,Yes,Average,10888986
DHA,10,5,3,3,2022,Yes,Good,51550826
Landhi,10,6,3,2,2012,No,Average,14711806
PECHS,5,4,3,3,2002,No,Excellent,25347745
Surjani,10,4,3,2,2003,Yes,Average,12039516
Korangi,5,3,2,1,2003,Yes,Average,7986436
Saddar,12,4,3,1,2005,Yes,Good,24819313
Malir,20,4,3,2,2015,Yes,Average,26421604
Gulshan,7,4,4,1,2015,Yes,Excellent,26659930
Gulistan-e-Johar,10,6,3,1,1990,No,Good,29474370
Surjani,7,6,5,2,2021,Yes,Excellent,15870164
DHA,5,5,3,1,2004,Yes,Average,22770601
Nazimabad,7,5,3,1,2010,No,Average,15574918
Gulistan-e-Johar,12,4,4,2,2007,Yes,Average,29247920
Bahadurabad,10,3,3,2,2019,Yes,Excellent,41782586
Bahadurabad,5,2,5,1,2002,Yes,Good,18087588
Clifton,15,4,3,2,2013,Yes,Average,64977579
Gulistan-e-Johar,10,4,3,3,2019,No,Excellent,34293602
Nazimabad,15,2,1,2,1991,Yes,Average,27638861
Korangi,10,6,3,1,2008,Yes,Excellent,21848706
PECHS,10,2,2,1,2014,Yes,Excellent,41176543
Landhi,5,3,3,2,2003,No,Good,9222934
Clifton,5,4,2,1,1995,Yes,Average,22320078
Bahadurabad,20,3,2,3,2001,Yes,Excellent,73550739
Gulshan,7,2,2,2,2009,No,Excellent,30134088
Gulshan,20,3,2,2,2012,Yes,Good,67215097
DHA,10,5,2,3,2019,No,Good,55291531
Korangi,5,4,4,3,2019,Yes,Good,12949734
Saddar,5,4,4,1,2019,Yes,Good,13535365
Bahadurabad,7,4,3,1,2019,Yes,Average,21578449
Johar,20,2,4,2,2023,Yes,Good,62963585
Korangi,10,6,2,1,2005,Yes,Average,15641084
PECHS,7,2,4,2,2013,Yes,Average,23462834
Landhi,7,6,2,2,2003,Yes,Excellent,15601900
Nazimabad,5,4,2,3,2015,Yes,Excellent,17525759
Gulistan-e-Johar,10,6,3,2,1997,Yes,Average,24060552
Bahadurabad,5,3,2,2,2003,No,Excellent,21623489
Gulistan-e-Johar,15,4,3,1,2020,Yes,Excellent,43672072
Gulshan,7,3,2,2,1991,No,Excellent,29220106
Nazimabad,7,2,4,1,1993,Yes,Average,12699844
Nazimabad,10,4,3,3,1990,Yes,Good,26372375
Nazimabad,10,3,2,1,2009,Yes,Poor,14630519
Gulshan,20,4,3,2,2003,No,Average,60635571
PECHS,10,3,2,1,2014,No,Good,37247344
Gulistan-e-Johar,5,3,3,1,2014,Yes,Good,15412217
FB Area,10,5,1,2,1992,No,Good,25029892
Gulistan-e-Johar,5,4,3,2,1994,Yes,Excellent,18981348
North Nazimabad,5,4,3,1,2015,Yes,Excellent,17842451
Landhi,20,4,2,1,1993,No,Excellent,28514934
Johar,12,5,5,2,1996,No,Excellent,44881916
FB Area,20,3,4,2,2019,No,Good,43948109
Landhi,10,4,3,1,2019,Yes,Good,15484077
Clifton,10,6,3,2,2008,Yes,Poor,42901759
Korangi,5,4,2,1,2022,Yes,Good,10753073
Korangi,7,4,3,2,2022,Yes,Poor,11398666
Malir,15,4,2,1,2003,No,Good,21209849
Korangi,7,4,2,2,1999,Yes,Good,14305059
Gulistan-e-Johar,15,4,5,1,2017,Yes,Good,43322511
Gulshan,12,2,3,3,2003,Yes,Excellent,51208668
Johar,5,3,3,1,2005,Yes,Excellent,19069631
Saddar,10,5,2,1,2010,Yes,Poor,16700558
DHA,12,3,3,1,2017,Yes,Poor,43038294
Malir,7,4,1,3,2022,No,Excellent,15939507
Surjani,15,3,1,2,1995,Yes,Excellent,22059760
Surjani,10,4,1,2,2004,No,Good,13120232
DHA,5,2,3,3,1992,Yes,Excellent,31966458
Landhi,10,3,3,3,2003,Yes,Good,16381230
DHA,20,6,1,2,1991,Yes,Excellent,116734628
DHA,5,5,3,1,2018,No,Good,32427135
Surjani,15,4,2,2,1993,Yes,Good,18826052
Malir,7,4,3,1,2015,Yes,Good,13607780
Clifton,12,4,5,2,2001,Yes,Excellent,74413242
Gulistan-e-Johar,12,4,3,2,1991,Yes,Good,33326885
Nazimabad,7,4,4,2,2006,No,Poor,11987947
Korangi,7,2,5,2,1999,No,Good,12837190
Korangi,12,4,3,2,2011,Yes,Average,18505496
Gulshan,10,5,3,3,2010,Yes,Average,29106385
Malir,12,6,4,1,2004,No,Poor,13031623
Gulshan,5,2,2,1,2010,Yes,Average,14323304
Saddar,15,4,2,2,2010,Yes,Average,28123190
Saddar,12,4,5,3,2010,Yes,Average,23922571
Gulshan,20,4,3,1,2021,Yes,Excellent,81332918
Malir,5,3,2,1,1994,Yes,Good,8647309
Gulshan,10,4,3,1,1998,No,Poor,24281029
Korangi,10,3,4,1,2007,Yes,Average,16554232
FB Area,7,3,3,3,2010,Yes,Poor,13572466
North Nazimabad,10,4,3,2,1997,No,Average,24055117
Surjani,5,4,4,2,2023,Yes,Average,9478813
Surjani,12,4,3,2,1999,Yes,Average,13455734
Johar,10,6,3,2,2013,Yes,Average,32834688
DHA,5,3,3,1,2013,Yes,Good,28190206
North Nazimabad,12,3,3,1,2021,No,Poor,23299246
Gulistan-e-Johar,10,4,3,2,2022,No,Average,26560469
Malir,5,3,2,1,2023,Yes,Average,8755523
PECHS,20,3,3,2,2000,No,Average,61997813
North Nazimabad,20,3,5,1,2020,Yes,Good,54452000
Johar,10,2,2,1,2007,No,Excellent,31426764
Saddar,5,5,2,1,2012,Yes,Poor,8710703
Landhi,12,3,3,2,2011,Yes,Good,18721954
DHA,10,4,4,1,2007,Yes,Good,54840743
Johar,7,2,2,3,2009,Yes,Excellent,28492068
Nazimabad,10,4,2,1,2002,Yes,Average,19263234
PECHS,10,3,1,2,1990,Yes,Average,29426700
Malir,10,4,3,3,1993,No,Average,14989760
DHA,10,4,2,3,2013,Yes,Average,50061307
Gulistan-e-Johar,10,3,2,3,1991,No,Good,29100806
North Nazimabad,20,4,3,1,2017,Yes,Good,53409416
Saddar,7,3,4,1,2015,Yes,Excellent,19542343
Clifton,12,4,3,2,2012,No,Average,61237315
FB Area,15,3,2,1,2004,Yes,Excellent,40944393
Nazimabad,10,6,3,1,2016,No,Average,19300304
PECHS,10,2,5,3,1995,No,Good,37322867
FB Area,10,4,3,2,1999,Yes,Good,26555300
DHA,10,3,5,2,2019,Yes,Poor,35314177
Saddar,15,3,4,3,2018,Yes,Excellent,37459624
Saddar,10,4,1,2,1993,Yes,Average,18059526
Johar,20,6,3,2,1994,Yes,Excellent,74915305
Surjani,5,3,2,2,1993,No,Excellent,9373822
Surjani,5,2,3,1,2005,Yes,Good,8085027
North Nazimabad,10,3,2,1,2014,Yes,Excellent,28615522
Johar,7,3,2,3,2003,Yes,Average,20939359
Korangi,7,3,5,3,2000,No,Good,15218552
North Nazimabad,7,4,2,3,2018,Yes,Excellent,26439071
Korangi,7,2,4,2,2023,Yes,Excellent,15495055
Surjani,5,2,1,3,2011,Yes,Average,7393733
Johar,20,4,1,1,2003,No,Average,46463802
Korangi,7,3,4,1,2013,No,Good,12094907
Nazimabad,12,3,3,2,2015,Yes,Good,28045912
Johar,12,3,3,2,2005,No,Average,29909792
Surjani,20,4,2,1,2021,Yes,Average,24760569
North Nazimabad,5,3,3,1,1995,No,Good,14129750
Bahadurabad,15,4,3,1,2023,Yes,Average,44479989
Johar,10,3,3,2,1997,Yes,Average,24400209
Clifton,10,4,3,2,2019,Yes,Average,43649105
PECHS,10,3,5,2,2016,Yes,Average,33908491
Surjani,15,4,3,1,1996,No,Poor,12562435
Gulshan,7,5,5,2,2016,Yes,Excellent,31632829
Gulshan,12,4,3,2,2014,No,Poor,29356561
North Nazimabad,10,3,3,2,2004,Yes,Good,28166681
North Nazimabad,12,3,1,1,2014,Yes,Average,30280267
FB Area,20,3,2,2,2011,Yes,Excellent,55716618
PECHS,7,3,4,3,2007,Yes,Good,29951284
PECHS,20,3,2,1,2001,No,Average,62633110
Nazimabad,5,5,2,1,2012,Yes,Average,12089305
North Nazimabad,5,3,2,2,2014,Yes,Excellent,18552791
PECHS,5,4,2,2,1999,Yes,Good,20614018
Gulistan-e-Johar,7,4,5,1,2019,Yes,Excellent,25569002
FB Area,10,4,4,1,1999,No,Poor,18327081
Korangi,5,2,3,1,2023,Yes,Average,9562264
Saddar,5,5,1,3,2002,No,Excellent,14883920
Saddar,20,3,3,2,2018,Yes,Average,35481861
Korangi,15,4,3,2,1998,Yes,Poor,18161566
Malir,15,5,5,2,2002,No,Good,24040645
Surjani,15,4,3,1,2003,Yes,Average,16307049
FB Area,12,4,2,3,1998,Yes,Good,30322083
Gulistan-e-Johar,5,2,3,2,1997,Yes,Average,13741149
PECHS,7,3,5,1,1992,Yes,Good,27325693
Bahadurabad,12,4,3,2,2022,No,Good,40673271
FB Area,7,3,3,2,2021,Yes,Good,18320872
Johar,12,5,2,2,1996,No,Excellent,41778862
Korangi,5,3,3,1,2008,Yes,Average,8733339
Gulistan-e-Johar,7,3,4,3,2023,Yes,Good,22094412
Clifton,10,3,2,3,2003,Yes,Good,52006276
Landhi,10,3,3,1,2008,Yes,Average,12393220
DHA,10,4,2,1,2015,No,Good,53161789
Surjani,12,4,2,1,2006,Yes,Good,16298417
Korangi,5,4,1,3,2017,Yes,Poor,8231875
Bahadurabad,5,5,2,2,2008,No,Average,15744743
PECHS,15,5,3,1,2016,No,Excellent,64995480
Bahadurabad,12,5,1,1,2008,Yes,Good,41627148
Bahadurabad,5,2,2,1,2022,No,Poor,12265443
North Nazimabad,15,4,4,2,1996,Yes,Good,40029794
North Nazimabad,7,3,3,2,2018,Yes,Good,22132920
Nazimabad,10,3,3,3,1994,Yes,Excellent,29706781
Korangi,5,4,3,2,2019,Yes,Excellent,14733205
Nazimabad,12,3,3,2,1997,Yes,Average,23709277
Korangi,12,2,2,1,2001,Yes,Average,17396542
Surjani,7,3,4,1,2002,Yes,Poor,7954223
FB Area,15,2,2,2,2015,No,Average,32021780
DHA,10,6,3,1,2007,No,Good,55376002
Bahadurabad,7,2,2,1,2009,No,Excellent,27439273
Surjani,5,3,3,3,2005,Yes,Poor,6522101
FB Area,7,4,3,2,1992,Yes,Good,17387871
Landhi,5,3,3,1,2016,Yes,Good,9373051
Saddar,10,6,2,1,2004,Yes,Poor,15382644
Gulshan,15,2,3,1,2023,Yes,Good,49758950
Johar,10,4,5,3,2011,Yes,Good,35143626
Gulistan-e-Johar,7,4,4,1,2012,No,Average,16110311
Korangi,5,6,1,1,1993,Yes,Poor,7187535
Landhi,7,4,2,2,2012,Yes,Excellent,14026438
Saddar,10,5,5,1,1998,Yes,Average,17170058
PECHS,12,2,3,1,2013,Yes,Good,47986987
Malir,5,3,3,1,2010,Yes,Good,8854379
DHA,12,3,5,1,2005,Yes,Poor,43040503
Gulistan-e-Johar,15,5,4,1,2014,Yes,Poor,30734730
Nazimabad,10,3,3,1,2015,Yes,Good,24001028
Nazimabad,15,3,3,2,1998,Yes,Good,31360430
FB Area,10,3,2,1,2004,No,Excellent,28422911
Gulistan-e-Johar,10,2,3,2,2022,No,Good,28811494
North Nazimabad,10,3,2,2,1990,Yes,Excellent,35314112
Saddar,10,6,2,2,1994,Yes,Good,22648374
Malir,7,4,2,1,1998,No,Excellent,12789040
Landhi,7,4,2,1,1995,Yes,Good,10385348
DHA,7,4,3,2,2017,Yes,Excellent,43900718
Surjani,10,3,3,2,2015,Yes,Average,12264317
Saddar,5,3,3,2,2017,Yes,Good,14051497
Malir,20,3,2,1,2004,No,Good,27925068
Gulshan,12,3,5,3,1995,No,Average,37014874
Korangi,10,4,1,1,2016,Yes,Average,16641271
Surjani,5,3,4,1,1993,Yes,Good,7012511
Nazimabad,15,2,5,2,2000,Yes,Excellent,40866077
Surjani,15,4,3,1,2010,Yes,Average,17047087
Landhi,12,6,3,2,2019,No,Good,20077435
Nazimabad,7,5,5,2,2007,Yes,Average,15684763
Landhi,10,5,2,2,1992,Yes,Good,15011003
FB Area,5,5,3,3,2001,No,Good,16032522
North Nazimabad,5,3,3,2,2016,No,Good,18019601
Landhi,12,5,2,2,2019,No,Average,16826279
Nazimabad,12,3,4,1,2010,Yes,Poor,20319207
FB Area,10,4,4,2,2010,Yes,Excellent,30296334
Landhi,15,4,4,1,2004,Yes,Good,20854780
Gulshan,10,2,2,1,2007,Yes,Excellent,37628782
Surjani,10,5,1,1,2018,No,Good,13950884
North Nazimabad,7,6,3,2,2010,Yes,Average,17390854
Landhi,20,3,1,2,2006,No,Good,25539482
FB Area,5,5,3,3,2007,Yes,Poor,11192377
PECHS,20,2,3,1,2001,No,Average,60284258
Saddar,15,4,3,3,2000,Yes,Poor,22265716
Clifton,5,4,3,2,2009,No,Average,24014965
Malir,10,4,3,2,1998,Yes,Excellent,19190668
Clifton,15,6,2,2,1990,Yes,Good,73790516
PECHS,10,5,2,1,1992,No,Good,33638336
Clifton,20,5,3,2,2010,Yes,Excellent,112585511
PECHS,20,3,3,2,2012,Yes,Good,70306795
DHA,10,6,4,3,1998,No,Good,56588675
PECHS,7,2,4,2,2008,Yes,Poor,20491102
PECHS,20,5,5,2,2008,Yes,Good,78833720
Bahadurabad,12,3,2,2,2012,Yes,Average,34933951
PECHS,5,2,1,1,2016,No,Poor,13350271
Gulshan,5,4,2,1,2016,Yes,Average,16142429
Saddar,10,3,3,2,2001,Yes,Good,20552468
Korangi,20,3,3,2,2016,Yes,Good,31529714
Landhi,15,3,4,1,2023,Yes,Good,23038559
Malir,12,2,3,3,2022,Yes,Good,20122668
North Nazimabad,5,3,5,2,2017,Yes,Good,16175031
Saddar,7,2,5,3,2020,Yes,Average,14504759
Nazimabad,15,4,1,2,2021,Yes,Good,32765308
Korangi,5,2,3,2,2009,Yes,Good,10773126
DHA,7,4,3,3,2020,Yes,Poor,29936872
DHA,5,3,2,2,2020,Yes,Excellent,32769727
Johar,12,6,3,3,2011,Yes,Good,35273090
Surjani,20,5,3,1,1998,Yes,Average,21385780
PECHS,7,3,2,1,1998,Yes,Excellent,30351101
Saddar,10,5,3,2,2004,Yes,Average,18909920
FB Area,10,5,3,2,2002,No,Good,25087438
Bahadurabad,20,6,1,2,2011,Yes,Average,55635865
Clifton,5,4,3,2,2005,Yes,Good,28142763
Nazimabad,10,2,2,1,2021,Yes,Good,22721756
DHA,7,4,3,3,1991,Yes,Good,39957745
Malir,15,4,2,2,2015,No,Excellent,26162867
DHA,10,4,4,2,2003,Yes,Good,52930136
North Nazimabad,5,3,3,2,2023,Yes,Good,18119654
Landhi,10,5,2,2,1997,Yes,Good,16293289
DHA,12,6,3,3,2010,Yes,Good,68833057
North Nazimabad,5,3,3,2,2017,Yes,Good,17670732
Saddar,15,2,3,1,1995,Yes,Good,29506045
Saddar,5,3,3,2,2009,No,Average,10895842
Bahadurabad,10,5,3,2,2020,Yes,Good,32512456
Surjani,10,4,2,3,2022,Yes,Excellent,19052517
Johar,12,4,1,1,1996,Yes,Average,30151994
Korangi,7,4,3,3,1997,Yes,Average,13773459
DHA,15,4,3,2,1998,Yes,Good,82350285
Malir,12,3,2,3,1991,Yes,Good,18352653
DHA,10,4,4,1,2006,Yes,Good,54599088
Johar,12,5,2,3,2006,Yes,Good,39024463
Gulistan-e-Johar,12,6,4,3,2019,No,Average,31599385
Malir,5,6,2,3,1995,Yes,Excellent,12605861
Gulshan,7,6,1,1,1993,No,Average,21589252
PECHS,20,4,5,1,1998,Yes,Excellent,83560775
Korangi,5,4,2,2,1995,Yes,Good,10901817
Gulshan,12,4,4,1,2002,No,Average,33833523
Gulistan-e-Johar,20,6,2,1,2011,Yes,Good,52663016
Gulistan-e-Johar,5,3,3,1,2017,No,Excellent,18688562
Johar,12,3,4,2,2019,No,Poor,24969323
DHA,10,3,1,2,1991,Yes,Average,42241274
Johar,10,4,4,1,1997,Yes,Average,26409213
Johar,5,3,3,1,1998,Yes,Good,15767050
Gulistan-e-Johar,5,3,3,2,1990,No,Excellent,16266841
Korangi,12,2,3,2,2002,No,Poor,14355024
Gulshan,15,3,4,1,2004,Yes,Good,47162082
Clifton,12,5,1,1,2021,Yes,Average,49680797
DHA,10,3,2,3,2023,Yes,Good,60593628
Gulistan-e-Johar,5,4,4,3,2020,Yes,Good,18822717
Gulshan,12,4,4,3,2003,Yes,Poor,29279664
Surjani,7,5,1,3,2003,Yes,Good,12608248
Clifton,20,3,3,1,2018,Yes,Excellent,117552577
Clifton,15,6,3,2,2008,Yes,Good,81038440
Saddar,12,4,3,2,2016,No,Good,25536605
Bahadurabad,20,6,2,2,1998,No,Excellent,77072897
DHA,5,6,3,1,2017,No,Good,26358580
Clifton,12,3,2,2,2013,No,Good,57541464
Gulistan-e-Johar,7,2,4,2,2017,Yes,Average,18381889
Saddar,20,3,4,1,2007,Yes,Good,39795258
Gulshan,7,4,3,2,2014,Yes,Poor,17971557
Surjani,12,3,2,1,1993,No,Excellent,16949537
North Nazimabad,15,3,2,1,2003,No,Good,38122594
DHA,5,4,3,1,2015,No,Excellent,32037615
Korangi,7,2,3,1,1997,No,Average,10588602
Johar,12,3,2,1,2013,Yes,Poor,26674577
Malir,10,4,3,3,2005,Yes,Average,14416105
Malir,7,2,2,2,2009,Yes,Good,11413006
Gulshan,7,3,2,2,2004,Yes,Good,25073698
FB Area,5,4,1,1,1996,Yes,Average,11204995
FB Area,15,4,1,2,2006,Yes,Poor,24709535
Gulshan,10,5,2,2,2011,Yes,Poor,26916242
Gulistan-e-Johar,5,4,3,2,2011,Yes,Good,17142676
Clifton,7,4,4,2,2001,Yes,Poor,26961540
Bahadurabad,7,4,4,3,2007,Yes,Excellent,28275818
DHA,5,5,2,3,2004,Yes,Good,31750936
Malir,10,5,2,2,2005,Yes,Excellent,17040245
Malir,7,5,2,1,1994,Yes,Good,12500433
Bahadurabad,7,4,2,2,1991,No,Average,20952629
Clifton,12,3,3,2,2017,Yes,Average,51352717
Malir,7,3,3,2,2016,Yes,Average,11934103
Johar,10,2,2,2,2020,No,Average,26266869
Korangi,10,6,2,2,1990,No,Good,18557749
DHA,10,4,1,2,2018,No,Average,46333447
Landhi,12,4,2,1,1990,Yes,Good,19244857
Malir,10,3,3,1,1997,Yes,Average,13924575
Gulshan,15,5,2,1,2005,Yes,Average,45265611
Korangi,12,3,3,3,2017,Yes,Average,18617173
Malir,10,2,3,2,2011,No,Good,15963795
PECHS,15,3,4,2,2007,Yes,Average,46031714
Surjani,10,4,4,2,2011,Yes,Good,16293302
Johar,7,4,3,2,2001,Yes,Good,23614698
Korangi,7,5,1,3,2008,Yes,Average,12354001
Saddar,5,3,3,2,2014,Yes,Good,13052731
Landhi,15,4,4,2,1994,No,Average,17336065
Surjani,12,4,1,2,2023,No,Good,17178912
Nazimabad,20,3,3,1,1999,No,Good,40148085
Gulshan,10,5,4,2,1996,Yes,Average,30982523
Gulshan,10,5,3,2,2004,Yes,Good,37869607
DHA,5,4,1,1,2013,Yes,Good,27975595
Bahadurabad,12,5,1,2,2015,Yes,Good,39659428
Surjani,10,4,3,2,2015,No,Good,15202965
Korangi,20,3,2,3,2015,Yes,Average,30391226
Clifton,7,4,3,1,1999,No,Excellent,39162447
Gulshan,10,3,3,2,2006,Yes,Average,30654373
Korangi,12,3,2,2,2003,Yes,Average,19161805
Gulistan-e-Johar,10,2,4,1,1991,Yes,Excellent,31763155
Korangi,10,4,3,2,2002,Yes,Average,16111391
Gulistan-e-Johar,12,4,2,1,2016,No,Average,28947232
PECHS,7,3,4,1,1998,Yes,Excellent,31987704
North Nazimabad,12,4,4,1,1996,No,Good,33828370
North Nazimabad,10,6,3,1,1999,No,Good,25570957
Nazimabad,15,3,4,2,1998,Yes,Average,26263267
Saddar,15,3,3,1,2011,No,Average,26379440
Nazimabad,7,5,4,2,2012,Yes,Good,17754932
Gulistan-e-Johar,7,3,3,2,1996,Yes,Average,17861547
Surjani,20,4,3,2,1998,No,Average,21042955
Malir,10,2,5,3,2016,No,Average,14134084
Clifton,20,4,3,2,2013,Yes,Average,86875199
Malir,5,4,2,2,2018,Yes,Good,11009563
FB Area,10,4,3,1,2006,Yes,Average,23774146
Malir,15,5,3,2,2009,Yes,Average,19968554
DHA,20,5,2,2,1996,Yes,Average,94583046
Malir,7,5,5,1,1996,No,Good,12720264
Nazimabad,12,4,2,1,2017,Yes,Good,26639442
Gulshan,10,2,2,1,2008,Yes,Good,35462715
Johar,5,4,5,2,2009,Yes,Good,19383209
Gulshan,12,2,3,2,1996,Yes,Average,34912457
North Nazimabad,12,5,1,2,1995,Yes,Good,33895379
Johar,20,3,3,1,2014,Yes,Average,48817981
Bahadurabad,10,4,3,2,2002,No,Average,27217795
Clifton,7,3,1,1,2011,Yes,Average,31806060
Clifton,5,5,5,1,2006,Yes,Good,28082006
DHA,10,5,3,2,2011,No,Poor,37892662
Surjani,7,3,3,1,2023,Yes,Average,9782479
Nazimabad,12,5,3,1,1997,Yes,Average,23555865
North Nazimabad,7,3,3,1,2007,Yes,Good,18895660
PECHS,20,4,2,2,2013,Yes,Good,78918780
FB Area,20,5,2,3,1991,Yes,Excellent,55939402
Surjani,10,3,3,2,1991,Yes,Good,13709663
Clifton,20,6,4,2,2016,No,Excellent,119122048
Gulshan,12,3,1,1,2003,No,Good,40422493
Malir,10,2,3,2,2001,Yes,Average,13989213
Malir,5,6,4,2,2021,Yes,Good,12990275
Bahadurabad,10,2,2,1,2017,Yes,Good,33718295
North Nazimabad,10,6,1,1,2017,Yes,Average,26541954
Nazimabad,15,6,2,1,2014,Yes,Excellent,41307809
Nazimabad,10,3,3,2,1993,Yes,Average,19350966
Saddar,15,4,2,1,2015,Yes,Excellent,33051440
Gulistan-e-Johar,12,3,3,2,1992,No,Excellent,40367108
Landhi,5,4,3,1,1990,Yes,Excellent,9658813
Clifton,20,2,3,1,2006,No,Average,81163529
Nazimabad,10,3,2,2,1996,No,Good,20363550
Bahadurabad,7,3,3,2,1994,Yes,Average,20745243
Gulshan,12,4,4,1,2008,No,Good,41909684
North Nazimabad,5,6,5,1,2023,No,Excellent,18866136
FB Area,10,5,4,1,2005,Yes,Average,22644331
Saddar,10,4,3,1,2016,Yes,Excellent,24445516
Bahadurabad,10,4,3,1,2014,Yes,Average,32498204
Korangi,20,5,2,3,2015,No,Excellent,39160024
DHA,10,3,2,2,2003,Yes,Good,51993474
FB Area,7,4,2,2,2003,Yes,Average,15484259
Gulistan-e-Johar,10,6,3,1,2003,Yes,Poor,21708754
Korangi,20,3,2,1,2014,Yes,Good,32286784
PECHS,5,4,2,1,1993,Yes,Average,16260944
Gulistan-e-Johar,7,5,5,2,2004,No,Excellent,26313363
Malir,5,6,2,2,2021,Yes,Average,9535587
DHA,5,4,2,1,2007,No,Average,24149426
Clifton,15,3,1,2,2003,No,Excellent,93118206
Gulshan,12,3,3,2,1990,Yes,Good,42367212
DHA,7,2,3,1,2009,Yes,Excellent,44441134
Gulistan-e-Johar,12,5,2,1,1999,No,Good,34070373
Landhi,7,2,3,2,1999,No,Good,11560420
Korangi,20,5,4,2,2013,Yes,Average,31775072
Clifton,20,3,4,1,2023,Yes,Poor,71503075
Johar,7,3,5,1,2017,Yes,Excellent,28306482
Landhi,15,4,4,2,2016,No,Good,21407753
Malir,12,4,3,1,1990,No,Good,18283138
Landhi,7,3,2,2,2022,Yes,Poor,8310069
Saddar,7,4,1,2,1993,No,Good,14675651
Saddar,10,4,1,1,1996,Yes,Good,17086612
PECHS,12,3,3,1,1998,No,Good,44781138
Gulistan-e-Johar,20,3,4,2,2005,Yes,Good,52116375
North Nazimabad,12,5,3,1,1994,Yes,Excellent,40301176
FB Area,15,4,1,1,2023,Yes,Good,37263077
FB Area,10,2,3,2,2012,Yes,Excellent,30851742
Johar,15,5,5,1,2014,Yes,Good,44264384
Johar,12,6,3,2,2002,Yes,Good,40498893
Clifton,7,4,4,1,2013,Yes,Good,41503745
Malir,10,4,4,2,2000,Yes,Excellent,20416359
Nazimabad,15,5,5,1,2006,Yes,Poor,25031580
PECHS,5,6,4,3,2002,No,Average,19715782
Saddar,15,5,3,2,2016,No,Excellent,35386677
Clifton,5,4,2,1,2009,Yes,Good,28183319
Nazimabad,10,4,1,2,2022,Yes,Average,19099593
FB Area,15,4,3,1,2021,Yes,Excellent,41717525
North Nazimabad,7,3,2,2,1997,No,Good,18092226
Landhi,7,4,5,2,2018,No,Good,12735587
Saddar,10,5,2,2,2008,Yes,Poor,16183363
Clifton,15,4,4,1,1995,No,Average,64968776
DHA,5,4,2,2,2010,No,Good,28572552
Nazimabad,20,4,2,1,2011,No,Good,43114232
Landhi,5,3,5,2,1999,Yes,Poor,6244848
Saddar,20,4,2,2,1999,Yes,Poor,27100585
FB Area,20,5,2,1,2018,Yes,Poor,32522945
Bahadurabad,10,3,2,1,2005,Yes,Excellent,36087777
Malir,10,3,3,2,1990,Yes,Excellent,18714717
Nazimabad,10,6,2,2,2006,Yes,Average,20173025
FB Area,10,3,3,1,2019,Yes,Good,24680544
Saddar,5,3,3,1,2015,Yes,Excellent,12617421
Nazimabad,5,6,3,2,2008,Yes,Excellent,17222936
PECHS,5,4,3,1,2010,Yes,Average,16879105
Landhi,10,4,3,1,2006,No,Average,12629819
Surjani,7,5,2,1,2010,No,Good,10381646
Saddar,10,3,4,1,2008,Yes,Average,18114193
PECHS,20,4,2,2,1996,Yes,Good,72769727
Korangi,7,4,3,3,2006,Yes,Average,14184351
Clifton,10,5,3,2,1990,Yes,Good,53087795
Bahadurabad,10,4,4,1,1995,No,Excellent,33989388
Johar,15,4,3,2,2015,Yes,Good,43605971
Landhi,20,4,2,2,1991,Yes,Good,27124669
Nazimabad,15,4,3,1,2021,No,Good,31990180
Malir,20,5,3,3,1994,Yes,Excellent,30163020
FB Area,5,4,2,2,2020,Yes,Poor,11582129
Johar,15,4,3,3,2001,Yes,Good,48329923
DHA,12,4,3,2,2019,Yes,Excellent,76402162
FB Area,7,4,5,2,1995,Yes,Good,18956342
Nazimabad,20,4,3,1,2004,Yes,Good,44123782
Bahadurabad,5,5,2,2,2004,Yes,Good,18523814
Gulistan-e-Johar,12,4,2,1,2005,No,Average,27865024
FB Area,7,6,4,2,2009,Yes,Good,19985689
Gulistan-e-Johar,10,5,4,2,2002,No,Average,26701714
Clifton,12,4,2,2,2020,Yes,Average,48640753
Bahadurabad,10,4,2,2,2023,Yes,Excellent,42302671
Saddar,10,6,3,2,2018,Yes,Good,23746115
PECHS,7,4,2,1,1992,Yes,Average,22222497
DHA,15,5,2,2,1998,Yes,Excellent,91492651
Gulshan,5,4,2,2,2000,Yes,Good,20215014
Nazimabad,10,4,2,2,2000,No,Poor,17200231
North Nazimabad,20,3,3,2,2014,Yes,Good,54845486
Gulshan,15,4,3,1,2011,Yes,Good,49254231
FB Area,10,6,2,1,1998,No,Poor,17618871
Johar,12,4,2,3,2009,Yes,Excellent,48108756
Nazimabad,15,4,2,2,2010,Yes,Excellent,41734711
PECHS,15,6,3,1,1999,No,Average,49718426
Korangi,10,4,2,2,2011,Yes,Average,16836708
PECHS,7,4,3,3,2018,Yes,Good,31049175
North Nazimabad,7,5,3,1,1998,Yes,Good,22110899
DHA,7,4,1,2,1994,Yes,Average,31479485
PECHS,10,3,1,3,2000,Yes,Average,30507740
Malir,5,4,1,3,1990,Yes,Good,10034502
Korangi,10,4,3,3,1990,No,Excellent,20515596
Gulshan,7,3,4,2,1994,No,Good,23870674
Saddar,7,4,1,1,2011,Yes,Average,12741486
Clifton,15,4,5,1,2015,Yes,Average,72962033
Malir,10,3,2,1,1995,No,Poor,10183845
Surjani,5,4,4,2,2021,Yes,Average,9216309
Korangi,15,2,3,1,2000,Yes,Good,23002606
Saddar,5,4,3,1,1999,Yes,Good,10848358
Saddar,12,5,3,1,2023,No,Average,20991149
Nazimabad,12,4,3,1,2020,Yes,Average,25511453
Korangi,7,3,4,2,2001,No,Good,13878143
DHA,15,2,4,1,2005,Yes,Excellent,91851710
FB Area,10,3,3,2,1992,Yes,Poor,18073660
North Nazimabad,10,4,2,2,1991,Yes,Good,27220632
Surjani,5,3,2,1,1994,Yes,Good,7913547
North Nazimabad,7,4,4,3,2000,No,Average,18026014
Gulshan,20,3,3,2,2014,No,Average,61409129
Gulshan,7,5,3,1,2011,Yes,Good,27034945
North Nazimabad,10,3,3,1,2011,No,Average,21322752
PECHS,10,3,4,1,2000,No,Good,35904962
DHA,10,5,3,1,2021,Yes,Excellent,57133817
Gulistan-e-Johar,5,3,4,1,2020,Yes,Good,17248075
PECHS,7,3,4,2,1997,Yes,Average,23728117
Johar,12,4,2,3,2009,Yes,Poor,23854007
PECHS,7,4,2,2,2023,Yes,Average,25243003
Clifton,7,4,4,1,1993,Yes,Poor,24897833
Landhi,5,3,2,1,2007,Yes,Excellent,9103024
FB Area,10,4,5,2,1993,No,Excellent,31847642
Clifton,15,3,1,1,2009,No,Good,74246153
Nazimabad,5,2,1,1,1998,Yes,Good,11134211
Landhi,5,5,5,2,2005,Yes,Average,9288223
Landhi,7,4,3,1,2015,Yes,Average,9546080
Korangi,12,3,2,2,2014,Yes,Poor,14199195
DHA,10,4,4,1,1993,Yes,Good,56351817
DHA,10,3,3,3,2008,Yes,Good,53208669
Landhi,12,5,3,2,2003,Yes,Good,18870799
Johar,10,3,1,2,2010,Yes,Good,28010844
PECHS,15,2,4,1,2004,Yes,Good,51375247
Korangi,15,4,4,3,1992,Yes,Good,27823247
FB Area,7,4,2,2,2005,No,Good,19002216
Landhi,7,4,4,2,2003,No,Good,13215175
Malir,5,2,4,2,1998,Yes,Excellent,11658590
Gulshan,7,3,3,2,1996,Yes,Good,25205844
Gulshan,20,4,3,1,2003,Yes,Good,68737942
Clifton,10,3,2,2,1995,Yes,Excellent,57438612
Nazimabad,7,5,2,2,2010,Yes,Good,20400699
Bahadurabad,12,2,3,1,2004,Yes,Good,40394618
Bahadurabad,10,4,4,1,1997,No,Good,32927011
Gulshan,5,4,3,2,2023,Yes,Excellent,24333901
Gulistan-e-Johar,7,3,3,2,1990,No,Good,21230402
Saddar,10,4,2,1,2021,Yes,Average,19023247
Clifton,12,5,1,1,1994,Yes,Average,55157750
Bahadurabad,5,3,3,1,2019,Yes,Average,13962406
Gulshan,7,6,1,2,2011,Yes,Good,27776117
Nazimabad,10,4,3,1,2009,Yes,Good,22845653
Bahadurabad,7,3,2,2,2005,Yes,Average,22422667
PECHS,10,4,4,1,1996,Yes,Good,41045889
PECHS,10,3,2,2,1996,Yes,Average,32182751
DHA,7,4,3,3,1991,Yes,Good,42155998
Johar,20,5,3,1,2003,No,Good,64423561
DHA,10,5,1,1,2020,Yes,Average,45985447
FB Area,5,6,1,2,2003,Yes,Excellent,19834291
Landhi,10,5,2,1,1994,Yes,Good,14876651
Malir,12,4,4,1,2000,No,Good,18202641
DHA,12,3,2,2,1994,Yes,Good,65414511
Surjani,5,4,3,3,2018,Yes,Good,10805415
Bahadurabad,20,2,5,2,2000,Yes,Good,63670527
Gulistan-e-Johar,10,4,4,1,1994,Yes,Average,25477227
Korangi,5,4,2,1,2021,Yes,Average,9571689
Gulshan,5,2,5,1,2004,No,Good,16749059
Korangi,5,2,1,2,2008,No,Poor,6843419
Surjani,15,3,3,2,2011,Yes,Good,19641521
Nazimabad,5,4,4,3,2023,Yes,Good,16744380
DHA,5,4,3,1,2006,Yes,Average,24892342
Malir,15,4,3,2,2001,Yes,Average,21307681
Nazimabad,7,4,2,1,2014,No,Average,15016835
Saddar,5,4,2,1,2006,Yes,Excellent,14552269
Saddar,5,3,3,2,1999,Yes,Good,11840178
Korangi,5,3,2,1,2017,Yes,Average,9327987
Landhi,7,4,5,2,2007,No,Good,13895045
Clifton,12,4,5,2,2007,Yes,Average,51172664
Landhi,5,2,4,3,2021,Yes,Good,11935357
Bahadurabad,5,3,3,2,2003,Yes,Average,15251741
Surjani,12,3,3,2,2005,Yes,Good,16036474
PECHS,12,4,5,2,2007,No,Good,46934964
FB Area,10,3,4,1,2005,Yes,Excellent,29838679
Landhi,10,4,3,2,2006,Yes,Average,14308865
Johar,7,5,2,2,1996,Yes,Average,18933527
FB Area,10,3,1,2,2001,No,Excellent,28493412
Surjani,10,6,3,2,2023,Yes,Average,13913644
FB Area,7,4,3,1,1999,Yes,Good,16983914
Malir,20,4,4,1,1994,Yes,Excellent,31801332
DHA,5,4,2,1,2010,Yes,Good,27141230
Malir,12,4,2,2,1992,No,Excellent,21475849
FB Area,5,4,2,2,2008,No,Good,15229594
Nazimabad,12,4,2,2,1995,Yes,Good,25242756
Saddar,10,2,2,1,2003,Yes,Average,17169423
FB Area,15,2,3,1,1993,No,Average,27319670
Malir,5,3,3,2,2007,Yes,Average,8898872
Gulistan-e-Johar,10,3,3,2,2018,Yes,Excellent,32534435
Surjani,10,3,2,2,2005,Yes,Poor,9450650
Nazimabad,12,3,2,2,2009,Yes,Average,24265409
Malir,10,4,3,1,2013,Yes,Excellent,18585595
Landhi,10,5,4,2,2008,No,Average,13803430
Gulshan,10,6,1,2,1993,No,Good,31426169
Korangi,7,4,4,2,2022,Yes,Good,16443043
Clifton,10,4,2,2,1991,Yes,Good,53145369
PECHS,5,5,4,2,2002,Yes,Good,22206058
Malir,20,4,4,2,2019,Yes,Average,24376666
Johar,12,3,2,2,2023,Yes,Good,40032684
Clifton,20,6,3,2,2019,Yes,Excellent,113114443
Surjani,7,4,2,2,2013,No,Poor,7764905
Gulistan-e-Johar,15,4,4,1,2022,No,Poor,32330152
North Nazimabad,15,3,3,3,1999,Yes,Average,34074966
Malir,12,3,3,2,2007,Yes,Good,19964377
Gulshan,10,5,3,1,2008,Yes,Excellent,42445299
Clifton,7,4,4,2,1996,No,Average,32063546
PECHS,15,3,2,1,2008,Yes,Excellent,64258448
FB Area,10,3,3,1,2013,Yes,Excellent,29466805
Malir,5,4,2,1,2004,Yes,Good,9527812
DHA,7,4,2,2,2012,No,Excellent,44274767
Gulistan-e-Johar,20,3,3,3,1993,No,Excellent,65864860
Surjani,15,5,2,2,1993,Yes,Good,18827494
Korangi,20,2,2,2,1994,No,Excellent,38316863
Gulshan,10,3,4,2,2012,Yes,Excellent,43341705
Bahadurabad,7,4,2,1,2000,Yes,Excellent,28206743
Bahadurabad,5,3,3,1,2000,No,Good,17949433
Johar,5,5,2,2,2002,No,Average,14890736
Clifton,5,4,1,3,2003,Yes,Average,21691506
Gulshan,7,5,2,2,1997,Yes,Good,26155116
Nazimabad,5,3,3,2,2014,No,Good,12830944
PECHS,10,3,3,3,2007,No,Excellent,43153410
Korangi,20,3,1,1,2007,No,Excellent,34244308
FB Area,10,4,1,2,1999,Yes,Good,24549739
Malir,15,4,5,2,1996,No,Good,22507917
Malir,10,5,1,2,2003,No,Average,12245386
Bahadurabad,7,4,4,1,2004,Yes,Average,21554106
Malir,7,6,2,2,2005,No,Good,14832065
Surjani,5,4,3,2,1991,Yes,Excellent,10485999
Korangi,7,3,2,1,2019,Yes,Average,11484779
DHA,12,3,4,2,2019,Yes,Good,64373306
North Nazimabad,5,4,3,1,2007,Yes,Average,13188913
Johar,7,3,3,3,2020,Yes,Good,24811201
Saddar,7,2,1,2,2002,No,Average,12217351
Landhi,20,4,3,2,2009,Yes,Poor,18943413
Johar,12,5,3,1,2012,Yes,Poor,28610571
Clifton,12,3,1,1,2022,No,Good,55631102
DHA,5,5,1,1,2009,Yes,Good,29368235
Johar,12,5,4,1,1992,Yes,Good,36812784
FB Area,12,4,2,1,1997,Yes,Poor,22191018
Bahadurabad,10,2,3,2,2021,Yes,Good,34426913
Gulistan-e-Johar,20,3,3,1,2018,Yes,Excellent,60304910
Clifton,7,4,4,2,1996,No,Good,36541742
Malir,20,4,5,1,1991,Yes,Excellent,33589389
Gulshan,20,5,5,2,2010,No,Good,64963086
FB Area,5,4,2,2,1995,Yes,Good,13703605
Clifton,10,3,4,2,2017,Yes,Good,47768984
Gulistan-e-Johar,20,3,2,3,2021,Yes,Excellent,60166546
PECHS,5,4,3,1,1998,No,Poor,13995406
Malir,10,3,3,2,2000,Yes,Average,14062946
Johar,20,3,1,2,2012,Yes,Average,45416594
Johar,10,4,5,2,2000,Yes,Good,32177717
Clifton,5,2,1,2,1991,Yes,Average,22504082
Gulshan,10,3,3,2,1992,Yes,Good,34615718
PECHS,7,4,4,2,2000,Yes,Good,27693682
Malir,10,3,4,2,2004,Yes,Excellent,18921852
Gulistan-e-Johar,5,3,2,3,2000,No,Good,15372797
North Nazimabad,10,4,3,3,2020,Yes,Excellent,34069673
Johar,10,5,4,1,2017,Yes,Poor,23053637
Gulistan-e-Johar,12,3,2,1,2017,Yes,Excellent,42392973
DHA,10,5,3,2,2021,Yes,Good,53291810
Johar,10,3,2,3,2014,No,Good,31490972
Gulistan-e-Johar,12,4,3,1,2009,Yes,Good,33363535
Nazimabad,5,5,4,1,2017,Yes,Good,14146513
Bahadurabad,10,4,3,3,2014,No,Excellent,42217570
Landhi,5,5,3,2,2000,Yes,Average,7717145
Korangi,20,3,3,1,2008,Yes,Good,32026408
Bahadurabad,5,2,3,2,2017,Yes,Good,19413078
Surjani,10,5,1,3,1990,No,Average,12143764
